"job_group","badge","company_name","title","deadline","address_main","address_total","experience","education","employment_type","salary","tech_stack","createdAt","crawledAt","url","description"
"Python, 데이터분석가, 데이터엔지니어, 데이터마이닝, 데이터시각화 외                    수정일 24/12/12","금융·보험 지원 TOP100","(주)마루에이치알","[현대캐피탈/금융기획팀] 데이터분석 및 관리(통계/파이썬,SQL)","~ 01/11(토)","서울  중구","서울  중구","경력무관","고졸↑","계약직","3,900 만원","Python, 데이터분석가, 데이터엔지니어, 데이터마이닝, 데이터시각화","2024-12-17T10:39:54.417Z","2024-12-17T10:39:54.419Z","https://www.saramin.co.kr/zf_user/jobs/relay/view?view_type=search&rec_idx=49577771&location=ts&searchword=%ED%8C%8C%EC%9D%B4%EC%8D%AC&searchType=search&paid_fl=n&search_uuid=f6621136-7f33-43c0-ac5f-a5ac5c3ac347",""
"Python, Java, AWS, 솔루션, 빅데이터 외                    수정일 24/12/17","연봉상승률 30% 이상","(사)한국아이씨티기술협회","[국비무료IT취업]자바파이썬/웹개발/빅데이터/인공지능","~ 12/23(월)","서울전체","서울전체","경력무관","학력무관","교육생","","Python, Java, AWS, 솔루션, 빅데이터","2024-12-17T10:39:54.423Z","2024-12-17T10:39:54.423Z","https://www.saramin.co.kr/zf_user/jobs/relay/view?view_type=search&rec_idx=49333137&location=ts&searchword=%ED%8C%8C%EC%9D%B4%EC%8D%AC&searchType=search&paid_fl=n&search_uuid=f6621136-7f33-43c0-ac5f-a5ac5c3ac347",""
"Python, Java, 딥러닝, 머신러닝, 빅데이터 외                    수정일 24/12/13","인기있는","에이스휴먼파워(주)","[여의도/338만] 한국평가데이터 DB분석 및 컨설팅 (SQL,파이썬)","~ 12/20(금)","서울  영등포구","서울  영등포구","경력","대졸↑","계약직","338 만원","Python, Java, 딥러닝, 머신러닝, 빅데이터","2024-12-17T10:39:54.425Z","2024-12-17T10:39:54.425Z","https://www.saramin.co.kr/zf_user/jobs/relay/view?view_type=search&rec_idx=49521011&location=ts&searchword=%ED%8C%8C%EC%9D%B4%EC%8D%AC&searchType=search&paid_fl=n&search_uuid=f6621136-7f33-43c0-ac5f-a5ac5c3ac347",""
"Python, C++, Java, AWS, 솔루션 외                    수정일 24/12/09","IT개발·데이터 지원 급상승","(주)쇼엠","[인천 송도 근무] 파이썬 개발자 사원 채용","채용시","인천  연수구","인천  연수구","경력무관","학력무관","정규직","","Python, C++, Java, AWS, 솔루션","2024-12-17T10:39:54.427Z","2024-12-17T10:39:54.427Z","https://www.saramin.co.kr/zf_user/jobs/relay/view?view_type=search&rec_idx=49536040&location=ts&searchword=%ED%8C%8C%EC%9D%B4%EC%8D%AC&searchType=search&paid_fl=n&search_uuid=f6621136-7f33-43c0-ac5f-a5ac5c3ac347",""
"Python, 알고리즘, Keras, Pytorch, Tensorflow 외                    수정일 24/12/11","IT개발·데이터 지원 급상승","(주)데이터앤솔루션","[경력,신입] 파이썬 개발자 정직원 모집(솔루션본부)","~ 01/10(금)","서울  서초구","서울  서초구","경력무관","초대졸↑","정규직","","Python, 알고리즘, Keras, Pytorch, Tensorflow","2024-12-17T10:39:54.429Z","2024-12-17T10:39:54.429Z","https://www.saramin.co.kr/zf_user/jobs/relay/view?view_type=search&rec_idx=49570740&location=ts&searchword=%ED%8C%8C%EC%9D%B4%EC%8D%AC&searchType=search&paid_fl=n&search_uuid=f6621136-7f33-43c0-ac5f-a5ac5c3ac347",""
"Python, AWS, Linux, 웹개발, 백엔드/서버개발 외                    등록일 24/12/16","급성장중","(주)케이엘피","파이썬(Python) 크롤링 가능하신분 구합니다.","내일마감","서울  강남구","서울  강남구","경력무관","고졸↑","정규직·계약직","","Python, AWS, Linux, 웹개발, 백엔드/서버개발","2024-12-17T10:39:54.431Z","2024-12-17T10:39:54.431Z","https://www.saramin.co.kr/zf_user/jobs/relay/view?view_type=search&rec_idx=49595938&location=ts&searchword=%ED%8C%8C%EC%9D%B4%EC%8D%AC&searchType=search&paid_fl=n&search_uuid=f6621136-7f33-43c0-ac5f-a5ac5c3ac347",""
"Python, AWS, 백엔드/서버개발, 유지보수, 프론트엔드 외                    등록일 24/12/16","급성장중","(주)케이엘피","파이썬(Python) 기반의 풀스택 개발자 모십니다.","내일마감","서울  강남구","서울  강남구","경력무관","고졸↑","정규직·계약직","","Python, AWS, 백엔드/서버개발, 유지보수, 프론트엔드","2024-12-17T10:39:54.432Z","2024-12-17T10:39:54.432Z","https://www.saramin.co.kr/zf_user/jobs/relay/view?view_type=search&rec_idx=49595960&location=ts&searchword=%ED%8C%8C%EC%9D%B4%EC%8D%AC&searchType=search&paid_fl=n&search_uuid=f6621136-7f33-43c0-ac5f-a5ac5c3ac347",""
"데이터분석가, 소프트웨어개발                    등록일 24/11/30","연봉상승률 15% 이상","이다웰(주)","파이썬 활용가능 데이터 분석가 모집","~ 12/30(월)","경기  용인시 기흥구","경기  용인시 기흥구","경력무관","학력무관","정규직","","데이터분석가, 소프트웨어개발","2024-12-17T10:39:54.433Z","2024-12-17T10:39:54.433Z","https://www.saramin.co.kr/zf_user/jobs/relay/view?view_type=search&rec_idx=49501156&location=ts&searchword=%ED%8C%8C%EC%9D%B4%EC%8D%AC&searchType=search&paid_fl=n&search_uuid=f6621136-7f33-43c0-ac5f-a5ac5c3ac347",""
"Python, Linux, 웹개발, 백엔드/서버개발, SE(시스템엔지니어) 외                    등록일 24/12/04","취업축하금","(주)뉴로다임","파이썬 프로그램 개발자","~ 01/02(목)","서울  성동구","서울  성동구","신입·경력","초대졸↑","정규직","","Python, Linux, 웹개발, 백엔드/서버개발, SE(시스템엔지니어)","2024-12-17T10:39:54.434Z","2024-12-17T10:39:54.434Z","https://www.saramin.co.kr/zf_user/jobs/relay/view?view_type=search&rec_idx=49524064&location=ts&searchword=%ED%8C%8C%EC%9D%B4%EC%8D%AC&searchType=search&paid_fl=n&search_uuid=f6621136-7f33-43c0-ac5f-a5ac5c3ac347",""
"Python, 솔루션, iOS, 소프트웨어개발                    수정일 24/12/09","프리한 복장","주식회사비전코어","파이썬(Python) 및 앱(ios/안드로이드) 개발자 모집","~ 12/28(토)","대구  동구","대구  동구","경력3년↑","초대졸↑","정규직","4,000 만원","Python, 솔루션, iOS, 소프트웨어개발","2024-12-17T10:39:54.437Z","2024-12-17T10:39:54.437Z","https://www.saramin.co.kr/zf_user/jobs/relay/view?view_type=search&rec_idx=49490854&location=ts&searchword=%ED%8C%8C%EC%9D%B4%EC%8D%AC&searchType=search&paid_fl=n&search_uuid=f6621136-7f33-43c0-ac5f-a5ac5c3ac347",""
"Python, MacOS, 네트워크, 솔루션업체, 소프트웨어개발                    등록일 24/11/29","연봉상승률 10% 이상","(주)아이젝스","[(주)아이젝스] Mac Agent 파이썬 개발자 채용 공고","~ 12/31(화)","서울  금천구","서울  금천구","경력2년↑","초대졸↑","정규직","","Python, MacOS, 네트워크, 솔루션업체, 소프트웨어개발","2024-12-17T10:39:54.438Z","2024-12-17T10:39:54.438Z","https://www.saramin.co.kr/zf_user/jobs/relay/view?view_type=search&rec_idx=49496037&location=ts&searchword=%ED%8C%8C%EC%9D%B4%EC%8D%AC&searchType=search&paid_fl=n&search_uuid=f6621136-7f33-43c0-ac5f-a5ac5c3ac347",""
"Python, 딥러닝, 머신러닝, 빅데이터, 백엔드/서버개발 외                    등록일 24/12/17","오늘 뜬","(주)씽크풀","5년차이상 파이썬 개발자 모집","~ 01/16(목)","서울  영등포구","서울  영등포구","경력 5~10년","학력무관","정규직","","Python, 딥러닝, 머신러닝, 빅데이터, 백엔드/서버개발","2024-12-17T10:39:54.439Z","2024-12-17T10:39:54.439Z","https://www.saramin.co.kr/zf_user/jobs/relay/view?view_type=search&rec_idx=49602559&location=ts&searchword=%ED%8C%8C%EC%9D%B4%EC%8D%AC&searchType=search&paid_fl=n&search_uuid=f6621136-7f33-43c0-ac5f-a5ac5c3ac347",""
"Python, 딥러닝, 머신러닝, 빅데이터, 백엔드/서버개발 외                    등록일 24/12/17","오늘 뜬","(주)씽크풀","5년차이상 파이썬 개발자 모집 (석사)","~ 01/16(목)","서울  영등포구","서울  영등포구","경력 5~10년","석사↑","정규직","","Python, 딥러닝, 머신러닝, 빅데이터, 백엔드/서버개발","2024-12-17T10:39:54.440Z","2024-12-17T10:39:54.440Z","https://www.saramin.co.kr/zf_user/jobs/relay/view?view_type=search&rec_idx=49608179&location=ts&searchword=%ED%8C%8C%EC%9D%B4%EC%8D%AC&searchType=search&paid_fl=n&search_uuid=f6621136-7f33-43c0-ac5f-a5ac5c3ac347",""
"Python, 웹개발, 백엔드/서버개발, SI개발, Javascript 외                    수정일 24/12/11","급성장중","(주)아이이에이","대기업 서비스 스벨트/파이썬 개발자 채용","~ 01/10(금)","서울  강서구","서울  강서구","경력","학력무관","계약직·프리랜서","","Python, 웹개발, 백엔드/서버개발, SI개발, Javascript","2024-12-17T10:39:54.441Z","2024-12-17T10:39:54.441Z","https://www.saramin.co.kr/zf_user/jobs/relay/view?view_type=search&rec_idx=49570494&location=ts&searchword=%ED%8C%8C%EC%9D%B4%EC%8D%AC&searchType=search&paid_fl=n&search_uuid=f6621136-7f33-43c0-ac5f-a5ac5c3ac347",""
"Python, 딥러닝, 솔루션, 신경망, 컴퓨터비전 외                    수정일 24/12/01","급성장중","(주)댄디테크앤리얼티","파이썬 개발자 경력직 모집, AI vision 경험자 우대","~ 12/31(화)","서울  마포구","서울  마포구","경력무관","석사↑","정규직·인턴직","","Python, 딥러닝, 솔루션, 신경망, 컴퓨터비전","2024-12-17T10:39:54.442Z","2024-12-17T10:39:54.442Z","https://www.saramin.co.kr/zf_user/jobs/relay/view?view_type=search&rec_idx=49501493&location=ts&searchword=%ED%8C%8C%EC%9D%B4%EC%8D%AC&searchType=search&paid_fl=n&search_uuid=f6621136-7f33-43c0-ac5f-a5ac5c3ac347",""
"Python, AWS, 솔루션, 웹개발, 백엔드/서버개발 외                    등록일 24/12/02","급성장중","(주)한국미용데이터","파이썬(Python, AWS) 경력 개발자 채용","~ 01/01(수)","서울  관악구","서울  관악구","경력1년↑","학력무관","정규직","","Python, AWS, 솔루션, 웹개발, 백엔드/서버개발","2024-12-17T10:39:54.443Z","2024-12-17T10:39:54.443Z","https://www.saramin.co.kr/zf_user/jobs/relay/view?view_type=search&rec_idx=49505260&location=ts&searchword=%ED%8C%8C%EC%9D%B4%EC%8D%AC&searchType=search&paid_fl=n&search_uuid=f6621136-7f33-43c0-ac5f-a5ac5c3ac347",""
"Python, 솔루션, iOS, 소프트웨어개발                    수정일 24/12/12","프리한 복장","주식회사비전코어","파이썬(Python) 및 앱(ios/안드로이드) 개발자 모집중","~ 12/31(화)","대구  동구","대구  동구","경력3년↑","초대졸↑","정규직","4,000 만원","Python, 솔루션, iOS, 소프트웨어개발","2024-12-17T10:39:54.445Z","2024-12-17T10:39:54.445Z","https://www.saramin.co.kr/zf_user/jobs/relay/view?view_type=search&rec_idx=49580425&location=ts&searchword=%ED%8C%8C%EC%9D%B4%EC%8D%AC&searchType=search&paid_fl=n&search_uuid=f6621136-7f33-43c0-ac5f-a5ac5c3ac347",""
"Python, AWS, 백엔드/서버개발, 프론트엔드, Django 외                    등록일 24/10/21","재택근무","링크루트","[유망 스타트업] [경력] 백엔드 개발자 채용 (파이썬)","채용시","서울  관악구","서울  관악구","경력 5~10년","대졸↑","정규직·기간제","","Python, AWS, 백엔드/서버개발, 프론트엔드, Django","2024-12-17T10:39:54.446Z","2024-12-17T10:39:54.446Z","https://www.saramin.co.kr/zf_user/jobs/relay/view?view_type=search&rec_idx=49236283&location=ts&searchword=%ED%8C%8C%EC%9D%B4%EC%8D%AC&searchType=search&paid_fl=n&search_uuid=f6621136-7f33-43c0-ac5f-a5ac5c3ac347",""
"Python, 웹개발, PostgreSQL, QGIS, 플러그인 외                    수정일 24/12/09","급성장중","(주)도로시","[(주)도로시] QGIS 플러그인 파이썬(Python) 개발자 모집","채용시","서울  금천구","서울  금천구","경력","학력무관","정규직·계약직","","Python, 웹개발, PostgreSQL, QGIS, 플러그인","2024-12-17T10:39:54.447Z","2024-12-17T10:39:54.447Z","https://www.saramin.co.kr/zf_user/jobs/relay/view?view_type=search&rec_idx=49326427&location=ts&searchword=%ED%8C%8C%EC%9D%B4%EC%8D%AC&searchType=search&paid_fl=n&search_uuid=f6621136-7f33-43c0-ac5f-a5ac5c3ac347",""
"Python, AWS, 웹개발, 백엔드/서버개발, SE(시스템엔지니어) 외                    수정일 24/11/19","취업축하금","(주)알로카도스","시니어 파이썬 백엔드 엔지니어 채용","내일마감","서울  강남구","서울  강남구","경력 5~15년","학력무관","정규직","","Python, AWS, 웹개발, 백엔드/서버개발, SE(시스템엔지니어)","2024-12-17T10:39:54.448Z","2024-12-17T10:39:54.448Z","https://www.saramin.co.kr/zf_user/jobs/relay/view?view_type=search&rec_idx=49432001&location=ts&searchword=%ED%8C%8C%EC%9D%B4%EC%8D%AC&searchType=search&paid_fl=n&search_uuid=f6621136-7f33-43c0-ac5f-a5ac5c3ac347",""
"Python, Java, AWS, 솔루션, 데이터엔지니어 외                    등록일 24/12/14","","에이치알포유(주)","[IT 솔루션 및 통합서비스 전문기업] 파이썬(Python) 개발자","~ 12/20(금)","서울  강남구","서울  강남구","경력 5~20년","초대졸↑","정규직","","Python, Java, AWS, 솔루션, 데이터엔지니어","2024-12-17T10:39:54.449Z","2024-12-17T10:39:54.449Z","https://www.saramin.co.kr/zf_user/jobs/relay/view?view_type=search&rec_idx=49589504&location=ts&searchword=%ED%8C%8C%EC%9D%B4%EC%8D%AC&searchType=search&paid_fl=n&search_uuid=f6621136-7f33-43c0-ac5f-a5ac5c3ac347",""
"보조강사, 파트강사, 학원강사, 학원보조, IT강사 외                    수정일 24/12/10","취업축하금","(주)세종교육","파이썬 개발자 과정 강사 채용","~ 01/08(수)","경기  성남시","경기  성남시","신입·경력","고졸↑","정규직·계약직","","보조강사, 파트강사, 학원강사, 학원보조, IT강사","2024-12-17T10:39:54.450Z","2024-12-17T10:39:54.450Z","https://www.saramin.co.kr/zf_user/jobs/relay/view?view_type=search&rec_idx=49563510&location=ts&searchword=%ED%8C%8C%EC%9D%B4%EC%8D%AC&searchType=search&paid_fl=n&search_uuid=f6621136-7f33-43c0-ac5f-a5ac5c3ac347",""
"파트강사, 훈련교사, IT강사, 전산회계, 코딩 외                    등록일 24/12/04","","동원컴퓨터학원","전산회계/세무2급, 파이썬(코딩), 오토캐드 강사 모집","~ 12/20(금)","경남  김해시","경남  김해시","경력1년↑","학력무관","파트·프리랜서","","파트강사, 훈련교사, IT강사, 전산회계, 코딩","2024-12-17T10:39:54.452Z","2024-12-17T10:39:54.452Z","https://www.saramin.co.kr/zf_user/jobs/relay/view?view_type=search&rec_idx=49528716&location=ts&searchword=%ED%8C%8C%EC%9D%B4%EC%8D%AC&searchType=search&paid_fl=n&search_uuid=f6621136-7f33-43c0-ac5f-a5ac5c3ac347",""
"Python, C++, Java, 솔루션, Linux 외                    수정일 24/11/25","IT개발·데이터 지원 TOP100","(주)파이오링크","[코스닥 상장사] Linux,Python,Java,Api 개발자 모집(신입/경력)","~ 12/31(화)","서울  금천구","서울  금천구","신입·경력","초대졸↑","정규직","","Python, C++, Java, 솔루션, Linux","2024-12-17T10:39:54.454Z","2024-12-17T10:39:54.454Z","https://www.saramin.co.kr/zf_user/jobs/relay/view?view_type=search&rec_idx=49458119&location=ts&searchword=%ED%8C%8C%EC%9D%B4%EC%8D%AC&searchType=search&paid_fl=n&search_uuid=f6621136-7f33-43c0-ac5f-a5ac5c3ac347",""
"Python, Java, 솔루션, 웹개발, 앱개발 외                    수정일 24/12/17","IT개발·데이터 지원 TOP100","마인드원(주)","소프트웨어 개발 (Java&Python) 신입 및 경력 모집","~ 01/09(목)","서울  강남구","서울  강남구","신입","대졸↑","정규직","","Python, Java, 솔루션, 웹개발, 앱개발","2024-12-17T10:39:54.455Z","2024-12-17T10:39:54.455Z","https://www.saramin.co.kr/zf_user/jobs/relay/view?view_type=search&rec_idx=49559707&location=ts&searchword=%ED%8C%8C%EC%9D%B4%EC%8D%AC&searchType=search&paid_fl=n&search_uuid=f6621136-7f33-43c0-ac5f-a5ac5c3ac347",""
"Python, 딥러닝, 머신러닝, 빅데이터, 데이터분석가 외                    수정일 24/12/09","기획·전략 지원 급상승","(주)마크클라우드","AI 개발(Python), 데이터분석 및 사업 기획 모집","~ 12/20(금)","서울  강남구","서울  강남구","신입·경력","대졸↑","정규직","","Python, 딥러닝, 머신러닝, 빅데이터, 데이터분석가","2024-12-17T10:39:54.456Z","2024-12-17T10:39:54.456Z","https://www.saramin.co.kr/zf_user/jobs/relay/view?view_type=search&rec_idx=49441156&location=ts&searchword=%ED%8C%8C%EC%9D%B4%EC%8D%AC&searchType=search&paid_fl=n&search_uuid=f6621136-7f33-43c0-ac5f-a5ac5c3ac347",""
"Python, 딥러닝, 머신러닝, 빅데이터, 데이터분석가 외                    등록일 24/12/09","기획·전략 지원 급상승","(주)마크클라우드","AI 개발(Python), 데이터분석 및 사업 기획 모집(인턴)","~ 02/07(금)","서울  강남구","서울  강남구","경력무관","대졸↑","인턴직","","Python, 딥러닝, 머신러닝, 빅데이터, 데이터분석가","2024-12-17T10:39:54.457Z","2024-12-17T10:39:54.457Z","https://www.saramin.co.kr/zf_user/jobs/relay/view?view_type=search&rec_idx=49551418&location=ts&searchword=%ED%8C%8C%EC%9D%B4%EC%8D%AC&searchType=search&paid_fl=n&search_uuid=f6621136-7f33-43c0-ac5f-a5ac5c3ac347",""
"Python, Java, 솔루션, 웹개발, 데이터시각화 외                    등록일 24/12/06","IT개발·데이터 지원 급상승","㈜칸테크","ORACLE/PYTHON/JAVA/SQL 개발자 모집","~ 01/05(일)","서울  강남구","서울  강남구","경력무관","초대졸↑","정규직","","Python, Java, 솔루션, 웹개발, 데이터시각화","2024-12-17T10:39:54.458Z","2024-12-17T10:39:54.458Z","https://www.saramin.co.kr/zf_user/jobs/relay/view?view_type=search&rec_idx=49545109&location=ts&searchword=%ED%8C%8C%EC%9D%B4%EC%8D%AC&searchType=search&paid_fl=n&search_uuid=f6621136-7f33-43c0-ac5f-a5ac5c3ac347",""
"Python, C++, Java, 솔루션, 빅데이터 외                    등록일 24/12/09","IT개발·데이터 지원 급상승","조베이스(주)","[솔루션] 백엔드 개발자 모집(python)","~ 01/08(수)","서울  강남구","서울  강남구","경력무관","대졸↑","정규직","","Python, C++, Java, 솔루션, 빅데이터","2024-12-17T10:39:54.459Z","2024-12-17T10:39:54.459Z","https://www.saramin.co.kr/zf_user/jobs/relay/view?view_type=search&rec_idx=49555726&location=ts&searchword=%ED%8C%8C%EC%9D%B4%EC%8D%AC&searchType=search&paid_fl=n&search_uuid=f6621136-7f33-43c0-ac5f-a5ac5c3ac347",""
"Python, 백엔드/서버개발, 클라우드, API, 인터페이스 외                    수정일 24/12/13","급성장중","(주)에프아이솔루션","[Python 프로그래밍] 백엔드/서버개발 경력직 모집","~ 01/12(일)","서울  금천구","서울  금천구","경력무관","학력무관","정규직·계약직","","Python, 백엔드/서버개발, 클라우드, API, 인터페이스","2024-12-17T10:39:54.460Z","2024-12-17T10:39:54.460Z","https://www.saramin.co.kr/zf_user/jobs/relay/view?view_type=search&rec_idx=49588133&location=ts&searchword=%ED%8C%8C%EC%9D%B4%EC%8D%AC&searchType=search&paid_fl=n&search_uuid=f6621136-7f33-43c0-ac5f-a5ac5c3ac347",""
"Python, 솔루션, Linux, 웹개발, 백엔드/서버개발 외                    등록일 24/12/05","IT개발·데이터 스크랩 급상승","(주)코레이즈홀딩스","[코레이즈]  Python (Flask) 웹 개발자 채용 (신입-보충역)","~ 01/04(토)","서울  성동구","서울  성동구","신입·경력","학력무관","정규직·계약직","","Python, 솔루션, Linux, 웹개발, 백엔드/서버개발","2024-12-17T10:39:54.461Z","2024-12-17T10:39:54.461Z","https://www.saramin.co.kr/zf_user/jobs/relay/view?view_type=search&rec_idx=49537488&location=ts&searchword=%ED%8C%8C%EC%9D%B4%EC%8D%AC&searchType=search&paid_fl=n&search_uuid=f6621136-7f33-43c0-ac5f-a5ac5c3ac347",""
"Python, 딥러닝, AWS, 솔루션, 머신러닝 외                    수정일 24/12/17","IT개발·데이터 지원 급상승","행복쇼핑(주)","[재택근무] REACT · PHP · PYTHON 개발자 모집","~ 01/25(토)","서울  양천구","서울  양천구","경력3년↑","초대졸↑","정규직","","Python, 딥러닝, AWS, 솔루션, 머신러닝","2024-12-17T10:39:54.462Z","2024-12-17T10:39:54.462Z","https://www.saramin.co.kr/zf_user/jobs/relay/view?view_type=search&rec_idx=49476675&location=ts&searchword=%ED%8C%8C%EC%9D%B4%EC%8D%AC&searchType=search&paid_fl=n&search_uuid=f6621136-7f33-43c0-ac5f-a5ac5c3ac347",""
"Python, 빅데이터, 웹개발, 백엔드/서버개발, 앱개발 외                    수정일 24/12/16","취업축하금","(주)꿈선생","Backend, Python Software Engineer 모집 [DealMakers]","~ 01/14(화)","부산  남구","부산  남구","신입·경력","고졸↑","정규직","","Python, 빅데이터, 웹개발, 백엔드/서버개발, 앱개발","2024-12-17T10:39:54.463Z","2024-12-17T10:39:54.463Z","https://www.saramin.co.kr/zf_user/jobs/relay/view?view_type=search&rec_idx=49586338&location=ts&searchword=%ED%8C%8C%EC%9D%B4%EC%8D%AC&searchType=search&paid_fl=n&search_uuid=f6621136-7f33-43c0-ac5f-a5ac5c3ac347",""
"Python, Java, AWS, DBA, SI개발 외                    등록일 24/11/25","IT개발·데이터 스크랩 급상승","플러거","마켓빌리 JAVA / DBA / TA / AA / PYTHON Recruitment","~ 12/25(수)","서울  강남구","서울  강남구","경력무관","학력무관","정규직·계약직","","Python, Java, AWS, DBA, SI개발","2024-12-17T10:39:54.464Z","2024-12-17T10:39:54.464Z","https://www.saramin.co.kr/zf_user/jobs/relay/view?view_type=search&rec_idx=49463011&location=ts&searchword=%ED%8C%8C%EC%9D%B4%EC%8D%AC&searchType=search&paid_fl=n&search_uuid=f6621136-7f33-43c0-ac5f-a5ac5c3ac347",""
"Python, Java, 웹개발, 백엔드/서버개발, 앱개발 외                    수정일 24/12/13","IT개발·데이터 지원 급상승","(주)만들다컴퍼니","지속 성장가능한 개발 인력 모집-Flutter,Python,JAVA,재택가능","채용시","경기  안양시 동안구","경기  안양시 동안구","경력무관","대졸↑","정규직","3,000 만원","Python, Java, 웹개발, 백엔드/서버개발, 앱개발","2024-12-17T10:39:54.465Z","2024-12-17T10:39:54.465Z","https://www.saramin.co.kr/zf_user/jobs/relay/view?view_type=search&rec_idx=49472340&location=ts&searchword=%ED%8C%8C%EC%9D%B4%EC%8D%AC&searchType=search&paid_fl=n&search_uuid=f6621136-7f33-43c0-ac5f-a5ac5c3ac347",""
"Python, 솔루션, 머신러닝, 웹개발, 백엔드/서버개발 외                    등록일 24/12/16","취업축하금","(주)이노룰스","[ADP팀] 웹개발자(Python, React, 경력 5년 이상) 경력직 채용","~ 01/14(화)","서울전체","서울전체","경력 5~15년","학력무관","정규직","","Python, 솔루션, 머신러닝, 웹개발, 백엔드/서버개발","2024-12-17T10:39:54.466Z","2024-12-17T10:39:54.466Z","https://www.saramin.co.kr/zf_user/jobs/relay/view?view_type=search&rec_idx=49598611&location=ts&searchword=%ED%8C%8C%EC%9D%B4%EC%8D%AC&searchType=search&paid_fl=n&search_uuid=f6621136-7f33-43c0-ac5f-a5ac5c3ac347",""
"Python, AWS, AI(인공지능), PostgreSQL, API 외                    수정일 24/12/16","평균연봉 상위 10%","(주)이수시스템","[이수그룹 IT계열사] Python 개발자 채용","~ 01/15(수)","서울  서초구","서울  서초구","경력 7~11년","대졸↑","정규직","","Python, AWS, AI(인공지능), PostgreSQL, API","2024-12-17T10:39:54.467Z","2024-12-17T10:39:54.467Z","https://www.saramin.co.kr/zf_user/jobs/relay/view?view_type=search&rec_idx=49597747&location=ts&searchword=%ED%8C%8C%EC%9D%B4%EC%8D%AC&searchType=search&paid_fl=n&search_uuid=f6621136-7f33-43c0-ac5f-a5ac5c3ac347",""
"Python, 딥러닝, 솔루션, 머신러닝, 빅데이터 외                    등록일 24/12/11","취업축하금","(주)엑스오비스","Python 개발 연구원 채용","~ 01/09(목)","서울  강남구","서울  강남구","경력 2~6년","대졸↑","정규직","","Python, 딥러닝, 솔루션, 머신러닝, 빅데이터","2024-12-17T10:39:54.468Z","2024-12-17T10:39:54.468Z","https://www.saramin.co.kr/zf_user/jobs/relay/view?view_type=search&rec_idx=49568625&location=ts&searchword=%ED%8C%8C%EC%9D%B4%EC%8D%AC&searchType=search&paid_fl=n&search_uuid=f6621136-7f33-43c0-ac5f-a5ac5c3ac347",""
"Python, Java, Linux, 백엔드/서버개발, RDBMS 외                    수정일 24/12/13","취업축하금","(주)엘리스그룹","백엔드 엔지니어 (Python) 채용","~ 01/11(토)","서울  강남구","서울  강남구","경력 3~5년","대졸↑","정규직","","Python, Java, Linux, 백엔드/서버개발, RDBMS","2024-12-17T10:39:54.469Z","2024-12-17T10:39:54.469Z","https://www.saramin.co.kr/zf_user/jobs/relay/view?view_type=search&rec_idx=49576848&location=ts&searchword=%ED%8C%8C%EC%9D%B4%EC%8D%AC&searchType=search&paid_fl=n&search_uuid=f6621136-7f33-43c0-ac5f-a5ac5c3ac347",""
"Python, AWS, 솔루션, 빅데이터, 웹개발 외                    수정일 24/12/17","","(주)사람인에이치에스","[강남/5000천이상] 플랫폼 백엔드 개발 (Python) 정규직","채용시","서울  강남구","서울  강남구","경력 4~12년","학력무관","정규직","","Python, AWS, 솔루션, 빅데이터, 웹개발","2024-12-17T10:39:54.470Z","2024-12-17T10:39:54.470Z","https://www.saramin.co.kr/zf_user/jobs/relay/view?view_type=search&rec_idx=49429895&location=ts&searchword=%ED%8C%8C%EC%9D%B4%EC%8D%AC&searchType=search&paid_fl=n&search_uuid=f6621136-7f33-43c0-ac5f-a5ac5c3ac347",""
"Python, 딥러닝, 머신러닝, 백엔드/서버개발, 알고리즘 외                    수정일 24/11/13","연봉상승률 20% 이상","아일리스프런티어(주)","AI 서비스 - 자연어처리(NLP)/Python 엔진 개발 (추가 채용)","채용시","서울  종로구","서울  종로구","경력 1~3년","학력무관","정규직","","Python, 딥러닝, 머신러닝, 백엔드/서버개발, 알고리즘","2024-12-17T10:39:57.820Z","2024-12-17T10:39:57.820Z","https://www.saramin.co.kr/zf_user/jobs/relay/view?view_type=search&rec_idx=49394122&location=ts&searchword=%ED%8C%8C%EC%9D%B4%EC%8D%AC&searchType=search&paid_fl=n&search_uuid=7f927154-9958-4cc3-9239-a6b96bde7fc8",""
"Python, 딥러닝, 머신러닝, 빅데이터, 웹개발 외                    등록일 24/12/10","취업축하금","아일리스프런티어(주)","AI 서비스 - 자연어처리 (NLP) / Python 엔진 개발 (추가 채용)","~ 01/08(수)","서울  종로구","서울  종로구","경력 1~3년","학력무관","정규직","","Python, 딥러닝, 머신러닝, 빅데이터, 웹개발","2024-12-17T10:39:57.821Z","2024-12-17T10:39:57.821Z","https://www.saramin.co.kr/zf_user/jobs/relay/view?view_type=search&rec_idx=49565317&location=ts&searchword=%ED%8C%8C%EC%9D%B4%EC%8D%AC&searchType=search&paid_fl=n&search_uuid=7f927154-9958-4cc3-9239-a6b96bde7fc8",""
"Python, C++, Java, QA/테스터, S/W 외                    등록일 24/11/15","점심지원","(주)링크제니시스","차량용 S/W Test 자동화 검증(Python)","~ 01/14(화)","인천  서구","인천  서구","신입·경력","초대졸↑","정규직","","Python, C++, Java, QA/테스터, S/W","2024-12-17T10:39:57.822Z","2024-12-17T10:39:57.822Z","https://www.saramin.co.kr/zf_user/jobs/relay/view?view_type=search&rec_idx=49409574&location=ts&searchword=%ED%8C%8C%EC%9D%B4%EC%8D%AC&searchType=search&paid_fl=n&search_uuid=7f927154-9958-4cc3-9239-a6b96bde7fc8",""
"Python, AWS, Linux, 빅데이터, 클라우드 외                    등록일 24/11/25","급성장중","(주)데이터다이나믹스","정규 Python/Data Engineer (신입/경력) 채용","~ 12/25(수)","경기  용인시 수지구","경기  용인시 수지구","신입·경력","학력무관","정규직","","Python, AWS, Linux, 빅데이터, 클라우드","2024-12-17T10:39:57.823Z","2024-12-17T10:39:57.823Z","https://www.saramin.co.kr/zf_user/jobs/relay/view?view_type=search&rec_idx=49461161&location=ts&searchword=%ED%8C%8C%EC%9D%B4%EC%8D%AC&searchType=search&paid_fl=n&search_uuid=7f927154-9958-4cc3-9239-a6b96bde7fc8",""
"Python, 개발PM, 임베디드, 하드웨어                    등록일 24/12/05","급성장중","사이테크놀로지스(주)","C와 Python 개발을 담당할 분을 구합니다","~ 01/04(토)","대전  대덕구","대전  대덕구","경력무관","대졸↑","정규직","","Python, 개발PM, 임베디드, 하드웨어","2024-12-17T10:39:57.824Z","2024-12-17T10:39:57.824Z","https://www.saramin.co.kr/zf_user/jobs/relay/view?view_type=search&rec_idx=49534074&location=ts&searchword=%ED%8C%8C%EC%9D%B4%EC%8D%AC&searchType=search&paid_fl=n&search_uuid=7f927154-9958-4cc3-9239-a6b96bde7fc8",""
"Python, C++, AWS, 웹개발, 백엔드/서버개발 외                    수정일 24/12/04","취업축하금","(주)씨에스엠17","NestJS+Python 백엔드 개발자 팀장 채용","~ 01/02(목)","서울  금천구","서울  금천구","경력5년↑","대졸↑","정규직","7,000 만원","Python, C++, AWS, 웹개발, 백엔드/서버개발","2024-12-17T10:39:57.825Z","2024-12-17T10:39:57.825Z","https://www.saramin.co.kr/zf_user/jobs/relay/view?view_type=search&rec_idx=49527589&location=ts&searchword=%ED%8C%8C%EC%9D%B4%EC%8D%AC&searchType=search&paid_fl=n&search_uuid=7f927154-9958-4cc3-9239-a6b96bde7fc8",""
"Python, 딥러닝, AWS, 머신러닝, 웹개발 외                    등록일 24/12/09","취업축하금","올거나이즈코리아(주)","Python Back-end Engineer","~ 01/07(화)","서울  강남구","서울  강남구","경력 3~10년","학력무관","정규직","","Python, 딥러닝, AWS, 머신러닝, 웹개발","2024-12-17T10:39:57.826Z","2024-12-17T10:39:57.826Z","https://www.saramin.co.kr/zf_user/jobs/relay/view?view_type=search&rec_idx=49555065&location=ts&searchword=%ED%8C%8C%EC%9D%B4%EC%8D%AC&searchType=search&paid_fl=n&search_uuid=7f927154-9958-4cc3-9239-a6b96bde7fc8",""
"Python, 머신러닝, Linux, S/W, SDK 외                    수정일 24/11/20","IT개발·데이터 조회 급상승","(주)크립토랩","소프트웨어 엔지니어 인턴 모집 (Python)","~ 12/31(화)","서울  관악구","서울  관악구","경력무관","대졸↑","인턴직","","Python, 머신러닝, Linux, S/W, SDK","2024-12-17T10:39:57.828Z","2024-12-17T10:39:57.828Z","https://www.saramin.co.kr/zf_user/jobs/relay/view?view_type=search&rec_idx=49435007&location=ts&searchword=%ED%8C%8C%EC%9D%B4%EC%8D%AC&searchType=search&paid_fl=n&search_uuid=7f927154-9958-4cc3-9239-a6b96bde7fc8",""
"Python, Linux, 웹개발, 백엔드/서버개발, 유지보수 외                    수정일 24/12/13","Seed 투자유치","(주)세븐미어캣","세븐미어캣  Python 백엔드 개발자 인재채용","~ 12/31(화)","경기  시흥시","경기  시흥시","경력2년↑","학력무관","정규직","","Python, Linux, 웹개발, 백엔드/서버개발, 유지보수","2024-12-17T10:39:57.830Z","2024-12-17T10:39:57.831Z","https://www.saramin.co.kr/zf_user/jobs/relay/view?view_type=search&rec_idx=49504054&location=ts&searchword=%ED%8C%8C%EC%9D%B4%EC%8D%AC&searchType=search&paid_fl=n&search_uuid=7f927154-9958-4cc3-9239-a6b96bde7fc8",""
"Python, 알고리즘, Pandas, 솔루션업체, 소프트웨어개발                    등록일 24/10/24","IT개발·데이터 조회 급상승","(주)디지키","(주)디지키 Python 데이터 처리 및 분석 프로그램 개발자 모집","상시채용","경기  안양시 만안구","경기  안양시 만안구","신입·경력","학력무관","계약직","","Python, 알고리즘, Pandas, 솔루션업체, 소프트웨어개발","2024-12-17T10:39:57.832Z","2024-12-17T10:39:57.832Z","https://www.saramin.co.kr/zf_user/jobs/relay/view?view_type=search&rec_idx=49265971&location=ts&searchword=%ED%8C%8C%EC%9D%B4%EC%8D%AC&searchType=search&paid_fl=n&search_uuid=7f927154-9958-4cc3-9239-a6b96bde7fc8",""
"Python, C++, ASP, ASP.NET, Azure 외                    등록일 24/11/21","IT개발·데이터 조회 급상승","NIMBYX CAPITAL INC.","Full Stack Engineer (Python, C# Developer) 풀스택 개발자","~ 01/20(월)","서울  강남구","서울  강남구","신입·경력","대졸↑","정규직","","Python, C++, ASP, ASP.NET, Azure","2024-12-17T10:39:57.835Z","2024-12-17T10:39:57.835Z","https://www.saramin.co.kr/zf_user/jobs/relay/view?view_type=search&rec_idx=49448256&location=ts&searchword=%ED%8C%8C%EC%9D%B4%EC%8D%AC&searchType=search&paid_fl=n&search_uuid=7f927154-9958-4cc3-9239-a6b96bde7fc8",""
"Python, C++, SE(시스템엔지니어), SI개발, 알고리즘 외                    수정일 24/12/17","연봉상승률 15% 이상","(주)케이텍","프로그램 개발자 모집(Machine Vision, AI(Python), C, C#, C++)","상시채용","경북  포항시 남구","경북  포항시 남구","경력무관","초대졸↑","정규직","","Python, C++, SE(시스템엔지니어), SI개발, 알고리즘","2024-12-17T10:39:57.837Z","2024-12-17T10:39:57.837Z","https://www.saramin.co.kr/zf_user/jobs/relay/view?view_type=search&rec_idx=49335167&location=ts&searchword=%ED%8C%8C%EC%9D%B4%EC%8D%AC&searchType=search&paid_fl=n&search_uuid=7f927154-9958-4cc3-9239-a6b96bde7fc8",""
"Python, 웹개발, 백엔드/서버개발, API, Pandas 외                    등록일 24/11/28","재택근무","오에스원(OS1)","[웹개발] Python 백엔드/서버 인턴 개발자 채용 (ASAP)","채용시","서울  중구","서울  중구","경력무관","대졸↑","인턴직","","Python, 웹개발, 백엔드/서버개발, API, Pandas","2024-12-17T10:39:57.839Z","2024-12-17T10:39:57.839Z","https://www.saramin.co.kr/zf_user/jobs/relay/view?view_type=search&rec_idx=49486631&location=ts&searchword=%ED%8C%8C%EC%9D%B4%EC%8D%AC&searchType=search&paid_fl=n&search_uuid=7f927154-9958-4cc3-9239-a6b96bde7fc8",""
"Python, Java, 머신러닝, 웹개발, 백엔드/서버개발 외                    수정일 24/12/06","","씨맥스주식회사","[AI개발]Python,Java,사내 LLM 구축 숙련 개발자 구인[프리O]","~ 01/04(토)","경기  성남시 분당구","경기  성남시 분당구","경력5년↑","학력무관","기간제·계약직","","Python, Java, 머신러닝, 웹개발, 백엔드/서버개발","2024-12-17T10:39:57.841Z","2024-12-17T10:39:57.841Z","https://www.saramin.co.kr/zf_user/jobs/relay/view?view_type=search&rec_idx=49532014&location=ts&searchword=%ED%8C%8C%EC%9D%B4%EC%8D%AC&searchType=search&paid_fl=n&search_uuid=7f927154-9958-4cc3-9239-a6b96bde7fc8",""
"Python, Java, 솔루션, 머신러닝, 빅데이터 외                    등록일 24/11/24","IT개발·데이터 지원 급상승","(주)데이터트리","[경력AI 개발] Full stack 개발자/React/Python","~ 12/24(화)","서울  금천구","서울  금천구","경력5년↑","대졸↑","정규직","","Python, Java, 솔루션, 머신러닝, 빅데이터","2024-12-17T10:39:57.843Z","2024-12-17T10:39:57.843Z","https://www.saramin.co.kr/zf_user/jobs/relay/view?view_type=search&rec_idx=49458928&location=ts&searchword=%ED%8C%8C%EC%9D%B4%EC%8D%AC&searchType=search&paid_fl=n&search_uuid=7f927154-9958-4cc3-9239-a6b96bde7fc8",""
"Python, AWS, 웹개발, 백엔드/서버개발, 프론트엔드 외                    등록일 24/11/29","취업축하금","(주)펫박스","Python 백엔드 개발자","~ 12/28(토)","서울  마포구","서울  마포구","경력 3~7년","학력무관","정규직","","Python, AWS, 웹개발, 백엔드/서버개발, 프론트엔드","2024-12-17T10:39:57.844Z","2024-12-17T10:39:57.844Z","https://www.saramin.co.kr/zf_user/jobs/relay/view?view_type=search&rec_idx=49494384&location=ts&searchword=%ED%8C%8C%EC%9D%B4%EC%8D%AC&searchType=search&paid_fl=n&search_uuid=7f927154-9958-4cc3-9239-a6b96bde7fc8",""
"Python, C++, 솔루션, Linux, 빅데이터 외                    등록일 24/11/20","연봉상승률 10% 이상","(주)파이오링크","[코스닥상장사] 전문연구요원(병역특례)모집 Linux,Python,C","~ 12/20(금)","서울  금천구","서울  금천구","경력무관","석사↑","정규직·전문연구요원","","Python, C++, 솔루션, Linux, 빅데이터","2024-12-17T10:39:57.845Z","2024-12-17T10:39:57.845Z","https://www.saramin.co.kr/zf_user/jobs/relay/view?view_type=search&rec_idx=49434190&location=ts&searchword=%ED%8C%8C%EC%9D%B4%EC%8D%AC&searchType=search&paid_fl=n&search_uuid=7f927154-9958-4cc3-9239-a6b96bde7fc8",""
"Python, C++, Linux, Windows, 임베디드리눅스 외                    수정일 24/12/10","","(주)한영넉스","한영넉스 AI연구소 - Python 어플리케이션 개발자 채용","~ 01/09(목)","서울  영등포구","서울  영등포구","경력3년↑","대졸↑","정규직","","Python, C++, Linux, Windows, 임베디드리눅스","2024-12-17T10:39:57.846Z","2024-12-17T10:39:57.846Z","https://www.saramin.co.kr/zf_user/jobs/relay/view?view_type=search&rec_idx=49564746&location=ts&searchword=%ED%8C%8C%EC%9D%B4%EC%8D%AC&searchType=search&paid_fl=n&search_uuid=7f927154-9958-4cc3-9239-a6b96bde7fc8",""
"Python, C++, 솔루션, Linux, 빅데이터 외                    등록일 24/12/17","오늘 뜬","(주)파이오링크","[코스닥상장사] L4-L7 스위치 개발 Linux,Python,C(신입/경력)","~ 12/31(화)","서울  금천구","서울  금천구","신입·경력","학력무관","정규직","","Python, C++, 솔루션, Linux, 빅데이터","2024-12-17T10:39:57.847Z","2024-12-17T10:39:57.847Z","https://www.saramin.co.kr/zf_user/jobs/relay/view?view_type=search&rec_idx=49607059&location=ts&searchword=%ED%8C%8C%EC%9D%B4%EC%8D%AC&searchType=search&paid_fl=n&search_uuid=7f927154-9958-4cc3-9239-a6b96bde7fc8",""
"Python, 웹개발, 백엔드/서버개발, API, ASP 외                    등록일 24/11/18","","(주)애드크림","국내 광고 포털 유지 보수 및 신규 서비스 개발 (Python)","~ 12/31(화)","서울  강남구","서울  강남구","경력3년↑","학력무관","정규직","","Python, 웹개발, 백엔드/서버개발, API, ASP","2024-12-17T10:39:57.848Z","2024-12-17T10:39:57.848Z","https://www.saramin.co.kr/zf_user/jobs/relay/view?view_type=search&rec_idx=49421817&location=ts&searchword=%ED%8C%8C%EC%9D%B4%EC%8D%AC&searchType=search&paid_fl=n&search_uuid=7f927154-9958-4cc3-9239-a6b96bde7fc8",""
"Python, 솔루션, Linux, 웹개발, 백엔드/서버개발 외                    등록일 24/12/05","급성장중","(주)코레이즈홀딩스","[코레이즈]  Python (Flask) 웹 개발자 채용 (경력)","~ 01/04(토)","서울  성동구","서울  성동구","경력 5~10년","학력무관","정규직","","Python, 솔루션, Linux, 웹개발, 백엔드/서버개발","2024-12-17T10:39:57.849Z","2024-12-17T10:39:57.849Z","https://www.saramin.co.kr/zf_user/jobs/relay/view?view_type=search&rec_idx=49537495&location=ts&searchword=%ED%8C%8C%EC%9D%B4%EC%8D%AC&searchType=search&paid_fl=n&search_uuid=7f927154-9958-4cc3-9239-a6b96bde7fc8",""
"Python, AWS, 웹개발, 앱개발, 프론트엔드 외                    수정일 24/12/13","시리즈C 투자유치","(주)파운트","[금융/핀테크/Python] 백엔드 엔지니어(리드급)","~ 01/10(금)","서울  중구","서울  중구","경력 8~20년","학력무관","정규직","","Python, AWS, 웹개발, 앱개발, 프론트엔드","2024-12-17T10:39:57.850Z","2024-12-17T10:39:57.850Z","https://www.saramin.co.kr/zf_user/jobs/relay/view?view_type=search&rec_idx=49371521&location=ts&searchword=%ED%8C%8C%EC%9D%B4%EC%8D%AC&searchType=search&paid_fl=n&search_uuid=7f927154-9958-4cc3-9239-a6b96bde7fc8",""
"Python, AWS, 빅데이터, 웹개발, 백엔드/서버개발 외                    등록일 24/11/29","취업축하금","(주)파운트","[파운트/핀테크] 백엔드 개발자(Python/리드급)","~ 12/30(월)","서울  중구","서울  중구","경력 7~15년","학력무관","정규직","","Python, AWS, 빅데이터, 웹개발, 백엔드/서버개발","2024-12-17T10:39:57.851Z","2024-12-17T10:39:57.851Z","https://www.saramin.co.kr/zf_user/jobs/relay/view?view_type=search&rec_idx=49497052&location=ts&searchword=%ED%8C%8C%EC%9D%B4%EC%8D%AC&searchType=search&paid_fl=n&search_uuid=7f927154-9958-4cc3-9239-a6b96bde7fc8",""
"Python, AWS, 웹개발, 백엔드/서버개발, Django 외                    등록일 24/12/03","취업축하금","(주)판도라티비","코박(Cobak) 백엔드 개발자 [3년 이상](Python,Django)","~ 01/01(수)","경기전체","경기전체","경력 3~10년","학력무관","정규직","","Python, AWS, 웹개발, 백엔드/서버개발, Django","2024-12-17T10:39:57.852Z","2024-12-17T10:39:57.852Z","https://www.saramin.co.kr/zf_user/jobs/relay/view?view_type=search&rec_idx=49521064&location=ts&searchword=%ED%8C%8C%EC%9D%B4%EC%8D%AC&searchType=search&paid_fl=n&search_uuid=7f927154-9958-4cc3-9239-a6b96bde7fc8",""
"Python, AWS, 웹개발, 백엔드/서버개발, 인프라 외                    등록일 24/11/25","취업축하금","(주)바로팜","백엔드 개발자 (Python)","~ 12/30(월)","서울  강남구","서울  강남구","경력 7~12년","학력무관","정규직","","Python, AWS, 웹개발, 백엔드/서버개발, 인프라","2024-12-17T10:39:57.854Z","2024-12-17T10:39:57.854Z","https://www.saramin.co.kr/zf_user/jobs/relay/view?view_type=search&rec_idx=49464566&location=ts&searchword=%ED%8C%8C%EC%9D%B4%EC%8D%AC&searchType=search&paid_fl=n&search_uuid=7f927154-9958-4cc3-9239-a6b96bde7fc8",""
"Python, Java, 딥러닝, 머신러닝, 웹개발 외                    수정일 24/12/16","IT개발·데이터 조회 급상승","(주)케파스","국가연구과제 개발자 모집(Python/Pytorch/API/JAVA/React)","~ 02/07(금)","서울  강남구","서울  강남구","경력 4~18년","초대졸↑","정규직·계약직","","Python, Java, 딥러닝, 머신러닝, 웹개발","2024-12-17T10:39:57.855Z","2024-12-17T10:39:57.855Z","https://www.saramin.co.kr/zf_user/jobs/relay/view?view_type=search&rec_idx=49550993&location=ts&searchword=%ED%8C%8C%EC%9D%B4%EC%8D%AC&searchType=search&paid_fl=n&search_uuid=7f927154-9958-4cc3-9239-a6b96bde7fc8",""
"Python, AWS, 머신러닝, 웹개발, 백엔드/서버개발 외                    등록일 24/11/20","취업축하금","(주)에이젠글로벌","Python BackEnd Developer","~ 12/20(금)","서울전체","서울전체","경력 5~20년","대졸↑","정규직","","Python, AWS, 머신러닝, 웹개발, 백엔드/서버개발","2024-12-17T10:39:57.856Z","2024-12-17T10:39:57.856Z","https://www.saramin.co.kr/zf_user/jobs/relay/view?view_type=search&rec_idx=49436228&location=ts&searchword=%ED%8C%8C%EC%9D%B4%EC%8D%AC&searchType=search&paid_fl=n&search_uuid=7f927154-9958-4cc3-9239-a6b96bde7fc8",""
"Python, 웹개발, 백엔드/서버개발, 블록체인, Django 외                    등록일 24/11/25","취업축하금","리걸테크(주)","웹개발자(Python, DJango)","~ 12/30(월)","서울  성동구","서울  성동구","경력 3~5년","학력무관","정규직","","Python, 웹개발, 백엔드/서버개발, 블록체인, Django","2024-12-17T10:39:57.858Z","2024-12-17T10:39:57.858Z","https://www.saramin.co.kr/zf_user/jobs/relay/view?view_type=search&rec_idx=49466077&location=ts&searchword=%ED%8C%8C%EC%9D%B4%EC%8D%AC&searchType=search&paid_fl=n&search_uuid=7f927154-9958-4cc3-9239-a6b96bde7fc8",""
"Python, C++, 솔루션, 머신러닝, 데이터분석가 외                    등록일 24/12/04","","(주)비비파트너스","C#,C++,Python 프로그래머 모집(판교)","~ 01/03(금)","경기  성남시 분당구","경기  성남시 분당구","경력 3~6년","대졸↑","정규직","","Python, C++, 솔루션, 머신러닝, 데이터분석가","2024-12-17T10:39:57.876Z","2024-12-17T10:39:57.876Z","https://www.saramin.co.kr/zf_user/jobs/relay/view?view_type=search&rec_idx=49528517&location=ts&searchword=%ED%8C%8C%EC%9D%B4%EC%8D%AC&searchType=search&paid_fl=n&search_uuid=7f927154-9958-4cc3-9239-a6b96bde7fc8",""
"Python, AWS, 솔루션, 네트워크, IoT 외                    수정일 24/12/17","오늘 뜬","(주)에스엠해썹","[MES / ERP] 웹 솔루션 개발자(python / 리드급) 채용공고","채용시","경기  오산시","경기  오산시","경력10년↓","대졸↑","정규직","","Python, AWS, 솔루션, 네트워크, IoT","2024-12-17T10:39:57.877Z","2024-12-17T10:39:57.877Z","https://www.saramin.co.kr/zf_user/jobs/relay/view?view_type=search&rec_idx=49606570&location=ts&searchword=%ED%8C%8C%EC%9D%B4%EC%8D%AC&searchType=search&paid_fl=n&search_uuid=7f927154-9958-4cc3-9239-a6b96bde7fc8",""
"Python, 솔루션업체                    등록일 24/12/02","워라밸","(주)버블콘","(주)버블콘 백엔드 개발 PL/PM (Python) 경력직 채용","~ 01/01(수)","서울  구로구","서울  구로구","경력 7~13년","학력무관","정규직","","Python, 솔루션업체","2024-12-17T10:39:57.878Z","2024-12-17T10:39:57.878Z","https://www.saramin.co.kr/zf_user/jobs/relay/view?view_type=search&rec_idx=49506728&location=ts&searchword=%ED%8C%8C%EC%9D%B4%EC%8D%AC&searchType=search&paid_fl=n&search_uuid=7f927154-9958-4cc3-9239-a6b96bde7fc8",""
"Python, Java, AWS, 백엔드/서버개발, GCP 외                    등록일 24/12/13","연봉상승률 20% 이상","(주)씨에스엠17","[개발팀]NestJS+Python 백엔드 경력직 개발자 채용","~ 01/12(일)","서울  금천구","서울  금천구","경력3년↑","대졸↑","정규직","5,000 만원","Python, Java, AWS, 백엔드/서버개발, GCP","2024-12-17T10:39:57.878Z","2024-12-17T10:39:57.879Z","https://www.saramin.co.kr/zf_user/jobs/relay/view?view_type=search&rec_idx=49587697&location=ts&searchword=%ED%8C%8C%EC%9D%B4%EC%8D%AC&searchType=search&paid_fl=n&search_uuid=7f927154-9958-4cc3-9239-a6b96bde7fc8",""
"Python, AWS, 웹개발, Django, PostgreSQL 외                    수정일 24/11/29","","(주)제이투이","[Python SI 판교] 문서 비교 시스템 개선   (3)","~ 12/29(일)","경기  성남시 분당구","경기  성남시 분당구","경력9년↑","초대졸↑","프리랜서","","Python, AWS, 웹개발, Django, PostgreSQL","2024-12-17T10:39:57.879Z","2024-12-17T10:39:57.879Z","https://www.saramin.co.kr/zf_user/jobs/relay/view?view_type=search&rec_idx=49498551&location=ts&searchword=%ED%8C%8C%EC%9D%B4%EC%8D%AC&searchType=search&paid_fl=n&search_uuid=7f927154-9958-4cc3-9239-a6b96bde7fc8",""
"Python, AWS, Pandas, SCM, Lambda 외                    수정일 24/12/10","","(주)제이투이","[Python SI 수원] 차세대 SCM 프로젝트 (2)","~ 01/09(목)","경기  수원시 권선구","경기  수원시 권선구","경력10년↑","초대졸↑","프리랜서","","Python, AWS, Pandas, SCM, Lambda","2024-12-17T10:39:57.880Z","2024-12-17T10:39:57.880Z","https://www.saramin.co.kr/zf_user/jobs/relay/view?view_type=search&rec_idx=49562796&location=ts&searchword=%ED%8C%8C%EC%9D%B4%EC%8D%AC&searchType=search&paid_fl=n&search_uuid=7f927154-9958-4cc3-9239-a6b96bde7fc8",""
"Python, 딥러닝, 머신러닝, 빅데이터, 데이터분석가 외                    수정일 24/12/17","성과급/상여금","(주)스카우트파트너스","데이터사이언티스트(AI.ML.딥러닝.대용량데이터.SQL.Python)","~ 01/11(토)","서울  강남구","서울  강남구","경력 4~15년","대졸↑","정규직","","Python, 딥러닝, 머신러닝, 빅데이터, 데이터분석가","2024-12-17T10:39:57.881Z","2024-12-17T10:39:57.881Z","https://www.saramin.co.kr/zf_user/jobs/relay/view?view_type=search&rec_idx=49581083&location=ts&searchword=%ED%8C%8C%EC%9D%B4%EC%8D%AC&searchType=search&paid_fl=n&search_uuid=7f927154-9958-4cc3-9239-a6b96bde7fc8",""
"Python, AWS, 솔루션, 웹개발, 백엔드/서버개발 외                    수정일 24/12/13","","아이디벨롭 주식회사","[ Backend] 경력직 Python 개발자 채용","~ 01/12(일)","서울  강남구","서울  강남구","경력 3~10년","학력무관","정규직·계약직","","Python, AWS, 솔루션, 웹개발, 백엔드/서버개발","2024-12-17T10:39:57.882Z","2024-12-17T10:39:57.882Z","https://www.saramin.co.kr/zf_user/jobs/relay/view?view_type=search&rec_idx=49588333&location=ts&searchword=%ED%8C%8C%EC%9D%B4%EC%8D%AC&searchType=search&paid_fl=n&search_uuid=7f927154-9958-4cc3-9239-a6b96bde7fc8",""
"Python, C++, 솔루션, DBMS, S/W 외                    등록일 24/11/08","프리한 복장","화랑","Vision/MFC/C# Python Tensorflow CUDA yolo v8 개발직","~ 01/07(화)","충남  천안시 동남구","충남  천안시 동남구","경력무관","초대졸↑","정규직","2,500 만원","Python, C++, 솔루션, DBMS, S/W","2024-12-17T10:39:57.882Z","2024-12-17T10:39:57.882Z","https://www.saramin.co.kr/zf_user/jobs/relay/view?view_type=search&rec_idx=49360095&location=ts&searchword=%ED%8C%8C%EC%9D%B4%EC%8D%AC&searchType=search&paid_fl=n&search_uuid=7f927154-9958-4cc3-9239-a6b96bde7fc8",""
"Python, 데이터엔지니어, OracleDB, PostgreSQL, SQL 외                    등록일 24/12/09","","(주)스톤빌드","Python을 이용한 Data Migration","~ 12/20(금)","서울  강서구","서울  강서구","경력9년↑","학력무관","계약직·프리랜서","750 만원","Python, 데이터엔지니어, OracleDB, PostgreSQL, SQL","2024-12-17T10:39:57.883Z","2024-12-17T10:39:57.883Z","https://www.saramin.co.kr/zf_user/jobs/relay/view?view_type=search&rec_idx=49553421&location=ts&searchword=%ED%8C%8C%EC%9D%B4%EC%8D%AC&searchType=search&paid_fl=n&search_uuid=7f927154-9958-4cc3-9239-a6b96bde7fc8",""
"Python, 딥러닝, 솔루션, 머신러닝, AI(인공지능) 외                    등록일 24/12/13","","코리아써치","AI 솔루션 백엔드(Python) 개발자 채용","~ 01/12(일)","서울  송파구","서울  송파구","경력5년↑","초대졸↑","정규직","","Python, 딥러닝, 솔루션, 머신러닝, AI(인공지능)","2024-12-17T10:39:57.884Z","2024-12-17T10:39:57.884Z","https://www.saramin.co.kr/zf_user/jobs/relay/view?view_type=search&rec_idx=49581585&location=ts&searchword=%ED%8C%8C%EC%9D%B4%EC%8D%AC&searchType=search&paid_fl=n&search_uuid=7f927154-9958-4cc3-9239-a6b96bde7fc8",""
"Python, 딥러닝, AWS, 머신러닝, 유지보수 외                    등록일 24/11/14","급성장중","(주)미니레코드","(주식회사 미니레코드) Python 개발자 채용","상시채용","서울  송파구","서울  송파구","경력 1~10년","학력무관","정규직·계약직","","Python, 딥러닝, AWS, 머신러닝, 유지보수","2024-12-17T10:39:57.885Z","2024-12-17T10:39:57.885Z","https://www.saramin.co.kr/zf_user/jobs/relay/view?view_type=search&rec_idx=49399149&location=ts&searchword=%ED%8C%8C%EC%9D%B4%EC%8D%AC&searchType=search&paid_fl=n&search_uuid=7f927154-9958-4cc3-9239-a6b96bde7fc8",""
"Python, 딥러닝, AWS, 머신러닝, 웹개발 외                    등록일 24/12/04","취업축하금","(주)미니레코드","Python 개발자 채용 (4~8년차)","~ 01/02(목)","서울전체","서울전체","경력 4~8년","학력무관","정규직","","Python, 딥러닝, AWS, 머신러닝, 웹개발","2024-12-17T10:40:01.576Z","2024-12-17T10:40:01.576Z","https://www.saramin.co.kr/zf_user/jobs/relay/view?view_type=search&rec_idx=49524436&location=ts&searchword=%ED%8C%8C%EC%9D%B4%EC%8D%AC&searchType=search&paid_fl=n&search_uuid=6d68b33d-8db2-4c9f-a4dc-832537795ec6",""
"Python, 딥러닝, AWS, 머신러닝, 웹개발 외                    등록일 24/12/04","취업축하금","(주)미니레코드","Python 개발자","~ 01/02(목)","서울전체","서울전체","경력 1~6년","학력무관","정규직","","Python, 딥러닝, AWS, 머신러닝, 웹개발","2024-12-17T10:40:01.577Z","2024-12-17T10:40:01.577Z","https://www.saramin.co.kr/zf_user/jobs/relay/view?view_type=search&rec_idx=49524352&location=ts&searchword=%ED%8C%8C%EC%9D%B4%EC%8D%AC&searchType=search&paid_fl=n&search_uuid=6d68b33d-8db2-4c9f-a4dc-832537795ec6",""
"Python, AWS, 웹개발, 백엔드/서버개발, 인프라 외                    등록일 24/12/04","취업축하금","(주)뮤즈라이브","Back-End Engineer (Python/Django)","~ 01/04(토)","서울  마포구","서울  마포구","경력 2~5년","학력무관","정규직","","Python, AWS, 웹개발, 백엔드/서버개발, 인프라","2024-12-17T10:40:01.578Z","2024-12-17T10:40:01.578Z","https://www.saramin.co.kr/zf_user/jobs/relay/view?view_type=search&rec_idx=49526974&location=ts&searchword=%ED%8C%8C%EC%9D%B4%EC%8D%AC&searchType=search&paid_fl=n&search_uuid=6d68b33d-8db2-4c9f-a4dc-832537795ec6",""
"Python, C++, SE(시스템엔지니어), 라즈베리파이, 로봇엔지니어 외                    수정일 24/12/09","","한단제어기술","PC 제어프로그래머 (C, C++, C#, Python)","~ 01/08(수)","경기  안양시 동안구","경기  안양시 동안구","경력3년↑","대졸↑","정규직","4,500 만원","Python, C++, SE(시스템엔지니어), 라즈베리파이, 로봇엔지니어","2024-12-17T10:40:01.578Z","2024-12-17T10:40:01.578Z","https://www.saramin.co.kr/zf_user/jobs/relay/view?view_type=search&rec_idx=49551891&location=ts&searchword=%ED%8C%8C%EC%9D%B4%EC%8D%AC&searchType=search&paid_fl=n&search_uuid=6d68b33d-8db2-4c9f-a4dc-832537795ec6",""
"웹개발, 백엔드/서버개발, Django, Docker, MySQL 외                    수정일 24/12/10","","프라이스원","Python/Django 백엔드 개발자","~ 02/04(화)","서울  강남구","서울  강남구","경력 4~10년","학력무관","정규직","","웹개발, 백엔드/서버개발, Django, Docker, MySQL","2024-12-17T10:40:01.579Z","2024-12-17T10:40:01.579Z","https://www.saramin.co.kr/zf_user/jobs/relay/view?view_type=search&rec_idx=49540795&location=ts&searchword=%ED%8C%8C%EC%9D%B4%EC%8D%AC&searchType=search&paid_fl=n&search_uuid=6d68b33d-8db2-4c9f-a4dc-832537795ec6",""
"Python, Java, Linux, SE(시스템엔지니어), STT 외                    수정일 24/12/05","총무·법무·사무 지원 TOP100","메리츠화재해상보험(주)","2024년 메리츠화재 하반기 각 부문별 신입/경력 채용","내일마감","서울전체","서울전체","신입·경력","초대졸↑","정규직·계약직","","Python, Java, Linux, SE(시스템엔지니어), STT","2024-12-17T10:40:01.580Z","2024-12-17T10:40:01.580Z","https://www.saramin.co.kr/zf_user/jobs/relay/view?view_type=search&rec_idx=49525317&location=ts&searchword=%ED%8C%8C%EC%9D%B4%EC%8D%AC&searchType=search&paid_fl=n&search_uuid=6d68b33d-8db2-4c9f-a4dc-832537795ec6",""
"Python, 머신러닝, 데이터분석가, 데이터엔지니어, 컴퓨터비전 외                    수정일 24/12/16","운전·운송·배송 지원 TOP100","현대글로비스(주)","현대글로비스 부문별 채용","~ 12/25(수)","서울  성동구","서울  성동구","경력","대졸↑","정규직·계약직","","Python, 머신러닝, 데이터분석가, 데이터엔지니어, 컴퓨터비전","2024-12-17T10:40:01.580Z","2024-12-17T10:40:01.580Z","https://www.saramin.co.kr/zf_user/jobs/relay/view?view_type=search&rec_idx=49597612&location=ts&searchword=%ED%8C%8C%EC%9D%B4%EC%8D%AC&searchType=search&paid_fl=n&search_uuid=6d68b33d-8db2-4c9f-a4dc-832537795ec6",""
"Python, C++, Java, AWS, Linux 외                    수정일 24/12/12","회계·세무·재무 지원 TOP100","(주)현대퓨처넷","현대퓨처넷 2025년 상반기 각 부문 채용","~ 12/23(월)","서울  강남구","서울  강남구","신입·경력","대졸↑","정규직·인턴직","","Python, C++, Java, AWS, Linux","2024-12-17T10:40:01.581Z","2024-12-17T10:40:01.581Z","https://www.saramin.co.kr/zf_user/jobs/relay/view?view_type=search&rec_idx=49571285&location=ts&searchword=%ED%8C%8C%EC%9D%B4%EC%8D%AC&searchType=search&paid_fl=n&search_uuid=6d68b33d-8db2-4c9f-a4dc-832537795ec6",""
"Python, C++, Java, 웹개발, 게임개발 외                    수정일 24/12/17","건설·건축 지원 TOP100","(주)우진플라임","㈜우진플라임 부문별 인재채용","~ 01/11(토)","충북  보은군","충북  보은군","신입·경력","학력무관","정규직","","Python, C++, Java, 웹개발, 게임개발","2024-12-17T10:40:01.581Z","2024-12-17T10:40:01.581Z","https://www.saramin.co.kr/zf_user/jobs/relay/view?view_type=search&rec_idx=49582494&location=ts&searchword=%ED%8C%8C%EC%9D%B4%EC%8D%AC&searchType=search&paid_fl=n&search_uuid=6d68b33d-8db2-4c9f-a4dc-832537795ec6",""
"Python, C++, Java, 솔루션, Linux 외                    수정일 24/11/20","미디어·문화·스포츠 지원 TOP100","(주)위즈코리아","㈜위즈코리아/㈜위즈COK '24년 하반기 신입/경력 사원 모집","~ 12/31(화)","서울  강서구","서울  강서구","신입·경력","학력무관","정규직·병역특례","","Python, C++, Java, 솔루션, Linux","2024-12-17T10:40:01.582Z","2024-12-17T10:40:01.582Z","https://www.saramin.co.kr/zf_user/jobs/relay/view?view_type=search&rec_idx=48464887&location=ts&searchword=%ED%8C%8C%EC%9D%B4%EC%8D%AC&searchType=search&paid_fl=n&search_uuid=6d68b33d-8db2-4c9f-a4dc-832537795ec6",""
"Python, C++, Java, 딥러닝, 머신러닝 외                    수정일 24/12/11","건설·건축 지원 TOP100","디아이티(주)","2024년 하반기 각 부문별 신입/경력 채용","~ 01/09(목)","경기  화성시","경기  화성시","신입·경력","초대졸↑","정규직","","Python, C++, Java, 딥러닝, 머신러닝","2024-12-17T10:40:01.583Z","2024-12-17T10:40:01.583Z","https://www.saramin.co.kr/zf_user/jobs/relay/view?view_type=search&rec_idx=49563660&location=ts&searchword=%ED%8C%8C%EC%9D%B4%EC%8D%AC&searchType=search&paid_fl=n&search_uuid=6d68b33d-8db2-4c9f-a4dc-832537795ec6",""
"Python, C++, Java, Linux, 기술지원 외                    수정일 24/12/10","생산 지원 TOP100","제닉스(주)","제닉스(주) 각 부문별 채용","~ 12/24(화)","충남  천안시 서북구","충남  천안시 서북구","신입·경력","학력무관","정규직","","Python, C++, Java, Linux, 기술지원","2024-12-17T10:40:01.583Z","2024-12-17T10:40:01.583Z","https://www.saramin.co.kr/zf_user/jobs/relay/view?view_type=search&rec_idx=49562355&location=ts&searchword=%ED%8C%8C%EC%9D%B4%EC%8D%AC&searchType=search&paid_fl=n&search_uuid=6d68b33d-8db2-4c9f-a4dc-832537795ec6",""
"Python, Java, Linux, 데이터엔지니어, 앱개발 외                    수정일 24/12/12","IT개발·데이터 스크랩 TOP100","앰코테크놀로지코리아㈜","2024년 하반기 신입/경력사원 공채","~ 12/29(일)","인천  연수구","인천  연수구","신입·경력","대졸↑","정규직","","Python, Java, Linux, 데이터엔지니어, 앱개발","2024-12-17T10:40:01.584Z","2024-12-17T10:40:01.584Z","https://www.saramin.co.kr/zf_user/jobs/relay/view?view_type=search&rec_idx=49567318&location=ts&searchword=%ED%8C%8C%EC%9D%B4%EC%8D%AC&searchType=search&paid_fl=n&search_uuid=6d68b33d-8db2-4c9f-a4dc-832537795ec6",""
"Python, 데이터분석가, 보안컨설팅, 정보보안, 세무사 외                    수정일 24/12/02","운전·운송·배송 지원 TOP100","(주)싸이노스","[삼성반도체 1차 협력사] 사무/연구직 수시 채용","~ 12/31(화)","경기  화성시","경기  화성시","신입·경력","고졸↑","정규직","","Python, 데이터분석가, 보안컨설팅, 정보보안, 세무사","2024-12-17T10:40:01.585Z","2024-12-17T10:40:01.585Z","https://www.saramin.co.kr/zf_user/jobs/relay/view?view_type=search&rec_idx=49485390&location=ts&searchword=%ED%8C%8C%EC%9D%B4%EC%8D%AC&searchType=search&paid_fl=n&search_uuid=6d68b33d-8db2-4c9f-a4dc-832537795ec6",""
"Python, C++, Java, AWS, 솔루션 외                    수정일 24/11/21","연구·R&D 지원 TOP100","(주)케이티디에스","[kt ds] 2024년 각 부문별 경력사원 상시채용","~ 02/28(금)","서울  서초구","서울  서초구","경력2년↑","학력무관","정규직·계약직","","Python, C++, Java, AWS, 솔루션","2024-12-17T10:40:01.585Z","2024-12-17T10:40:01.585Z","https://www.saramin.co.kr/zf_user/jobs/relay/view?view_type=search&rec_idx=49444384&location=ts&searchword=%ED%8C%8C%EC%9D%B4%EC%8D%AC&searchType=search&paid_fl=n&search_uuid=6d68b33d-8db2-4c9f-a4dc-832537795ec6",""
"Python, Java, H/W, S/W, CSS 외                    수정일 24/12/09","연구·R&D 지원 TOP100","(주)영신디엔씨","㈜영신디엔씨 각 부문 신입 및 경력 채용","내일마감","서울  서초구","서울  서초구","신입·경력","대졸↑","정규직·계약직","","Python, Java, H/W, S/W, CSS","2024-12-17T10:40:01.586Z","2024-12-17T10:40:01.586Z","https://www.saramin.co.kr/zf_user/jobs/relay/view?view_type=search&rec_idx=49534588&location=ts&searchword=%ED%8C%8C%EC%9D%B4%EC%8D%AC&searchType=search&paid_fl=n&search_uuid=6d68b33d-8db2-4c9f-a4dc-832537795ec6",""
"Python, C++, Java, 머신러닝, Linux 외                    수정일 24/12/09","서비스 조회 TOP100","한국자동차연구원","2025년도 2월 별정직(계약직) 직원 모집","~ 12/23(월)","충남  천안시","충남  천안시","경력무관","초대졸↑","계약직","","Python, C++, Java, 머신러닝, Linux","2024-12-17T10:40:01.587Z","2024-12-17T10:40:01.587Z","https://www.saramin.co.kr/zf_user/jobs/relay/view?view_type=search&rec_idx=49541794&location=ts&searchword=%ED%8C%8C%EC%9D%B4%EC%8D%AC&searchType=search&paid_fl=n&search_uuid=6d68b33d-8db2-4c9f-a4dc-832537795ec6",""
"Python, Java, AWS, Linux, 백엔드/서버개발 외                    수정일 24/12/02","상품기획·MD 지원 TOP100","(주)비상교육","[주 3일 원격근무] 비상교육 전체직무 상시채용","~ 12/31(화)","경기  과천시","경기  과천시","신입·경력","대졸↑","정규직·계약직","","Python, Java, AWS, Linux, 백엔드/서버개발","2024-12-17T10:40:01.587Z","2024-12-17T10:40:01.587Z","https://www.saramin.co.kr/zf_user/jobs/relay/view?view_type=search&rec_idx=49509463&location=ts&searchword=%ED%8C%8C%EC%9D%B4%EC%8D%AC&searchType=search&paid_fl=n&search_uuid=6d68b33d-8db2-4c9f-a4dc-832537795ec6",""
"Python, Java, AWS, Linux, 빅데이터 외                    수정일 24/12/04","교육 지원 TOP100","청오디피케이(주)","도미노피자 각 부문(자회사 포함) 공개 채용","~ 12/27(금)","서울  강남구","서울  강남구","신입·경력","학력무관","정규직","","Python, Java, AWS, Linux, 빅데이터","2024-12-17T10:40:01.588Z","2024-12-17T10:40:01.588Z","https://www.saramin.co.kr/zf_user/jobs/relay/view?view_type=search&rec_idx=49518346&location=ts&searchword=%ED%8C%8C%EC%9D%B4%EC%8D%AC&searchType=search&paid_fl=n&search_uuid=6d68b33d-8db2-4c9f-a4dc-832537795ec6",""
"Python, C++, Java, 빅데이터, SE(시스템엔지니어) 외                    수정일 24/12/17","","상신브레이크(주)","2025년 상신브레이크 신입/경력 채용","진행예정","대구  달성군","대구  달성군","신입·경력","대졸↑","정규직","","Python, C++, Java, 빅데이터, SE(시스템엔지니어)","2024-12-17T10:40:01.588Z","2024-12-17T10:40:01.588Z","https://www.saramin.co.kr/zf_user/jobs/relay/view?view_type=search&rec_idx=49606992&location=ts&searchword=%ED%8C%8C%EC%9D%B4%EC%8D%AC&searchType=search&paid_fl=n&search_uuid=6d68b33d-8db2-4c9f-a4dc-832537795ec6",""
"Python, Java, 솔루션, Linux, 백엔드/서버개발 외                    수정일 24/12/01","상품기획·MD 지원 급상승","(주)NE능률","2024년 12월 NE능률 신입 및 경력(수시) 채용","~ 12/31(화)","서울  마포구","서울  마포구","신입·경력","초대졸↑","정규직·계약직","","Python, Java, 솔루션, Linux, 백엔드/서버개발","2024-12-17T10:40:01.589Z","2024-12-17T10:40:01.589Z","https://www.saramin.co.kr/zf_user/jobs/relay/view?view_type=search&rec_idx=49498664&location=ts&searchword=%ED%8C%8C%EC%9D%B4%EC%8D%AC&searchType=search&paid_fl=n&search_uuid=6d68b33d-8db2-4c9f-a4dc-832537795ec6",""
"Python, Java, 솔루션, Linux, 백엔드/서버개발 외                    수정일 24/12/16","상품기획·MD 지원 TOP100","(주)NE능률","2025 NE능률 신입/경력 공개 채용","~ 12/25(수)","서울  마포구","서울  마포구","신입·경력","초대졸↑","정규직","","Python, Java, 솔루션, Linux, 백엔드/서버개발","2024-12-17T10:40:01.590Z","2024-12-17T10:40:01.590Z","https://www.saramin.co.kr/zf_user/jobs/relay/view?view_type=search&rec_idx=49586653&location=ts&searchword=%ED%8C%8C%EC%9D%B4%EC%8D%AC&searchType=search&paid_fl=n&search_uuid=6d68b33d-8db2-4c9f-a4dc-832537795ec6",""
"Python, Java, 빅데이터, 웹개발, 데이터분석가 외                    수정일 24/12/16","구매·자재·물류 지원 TOP100","(주)케이엘넷","각 부문 신입/경력 채용공고","~ 12/22(일)","서울  강남구","서울  강남구","신입·경력","초대졸↑","정규직·계약직","","Python, Java, 빅데이터, 웹개발, 데이터분석가","2024-12-17T10:40:01.590Z","2024-12-17T10:40:01.590Z","https://www.saramin.co.kr/zf_user/jobs/relay/view?view_type=search&rec_idx=49529556&location=ts&searchword=%ED%8C%8C%EC%9D%B4%EC%8D%AC&searchType=search&paid_fl=n&search_uuid=6d68b33d-8db2-4c9f-a4dc-832537795ec6",""
"Python, Java, AWS, 솔루션, Linux 외                    수정일 24/12/11","상품기획·MD 지원 TOP100","(주)미래엔","각 부문 경력사원 채용","오늘마감","서울  서초구","서울  서초구","경력","대졸↑","정규직","","Python, Java, AWS, 솔루션, Linux","2024-12-17T10:40:01.591Z","2024-12-17T10:40:01.591Z","https://www.saramin.co.kr/zf_user/jobs/relay/view?view_type=search&rec_idx=49572007&location=ts&searchword=%ED%8C%8C%EC%9D%B4%EC%8D%AC&searchType=search&paid_fl=n&search_uuid=6d68b33d-8db2-4c9f-a4dc-832537795ec6",""
"Python, 기술지원, 유지보수, 알고리즘, 정보통신 외                    수정일 24/12/17","고객상담·TM 조회 TOP100","(주)대일시스템","2024년 각 부문 하반기 채용","~ 01/12(일)","경기  용인시 처인구","경기  용인시 처인구","경력무관","대졸↑","정규직","","Python, 기술지원, 유지보수, 알고리즘, 정보통신","2024-12-17T10:40:01.593Z","2024-12-17T10:40:01.593Z","https://www.saramin.co.kr/zf_user/jobs/relay/view?view_type=search&rec_idx=49554588&location=ts&searchword=%ED%8C%8C%EC%9D%B4%EC%8D%AC&searchType=search&paid_fl=n&search_uuid=6d68b33d-8db2-4c9f-a4dc-832537795ec6",""
"Python, C++, Java, 머신러닝, 빅데이터 외                    수정일 24/12/17","생산 지원 TOP100","(주)DB하이텍","[DB하이텍 & DB글로벌칩] 경력사원 공개채용 (12월)","~ 01/12(일)","경기  부천시","경기  부천시","경력2년↑","대졸↑","정규직","","Python, C++, Java, 머신러닝, 빅데이터","2024-12-17T10:40:01.594Z","2024-12-17T10:40:01.594Z","https://www.saramin.co.kr/zf_user/jobs/relay/view?view_type=search&rec_idx=49585114&location=ts&searchword=%ED%8C%8C%EC%9D%B4%EC%8D%AC&searchType=search&paid_fl=n&search_uuid=6d68b33d-8db2-4c9f-a4dc-832537795ec6",""
"Python, AWS, 기술지원, 유지보수, 정보보안 외                    수정일 24/12/12","금융·보험 스크랩 TOP100","코리안리재보험(주)","코리안리재보험㈜ 2025 상반기 경력직 채용","~ 12/20(금)","서울  종로구","서울  종로구","경력","대졸↑","정규직","","Python, AWS, 기술지원, 유지보수, 정보보안","2024-12-17T10:40:01.595Z","2024-12-17T10:40:01.595Z","https://www.saramin.co.kr/zf_user/jobs/relay/view?view_type=search&rec_idx=49573207&location=ts&searchword=%ED%8C%8C%EC%9D%B4%EC%8D%AC&searchType=search&paid_fl=n&search_uuid=6d68b33d-8db2-4c9f-a4dc-832537795ec6",""
"Python, C++, Java, 딥러닝, 솔루션 외                    수정일 24/12/13","금융·보험 지원 TOP100","우리에프아이에스(주)","우리에프아이에스 2024년 경력사원 채용 공고","~ 12/22(일)","서울  마포구","서울  마포구","경력","학력무관","정규직","","Python, C++, Java, 딥러닝, 솔루션","2024-12-17T10:40:01.596Z","2024-12-17T10:40:01.596Z","https://www.saramin.co.kr/zf_user/jobs/relay/view?view_type=search&rec_idx=49587708&location=ts&searchword=%ED%8C%8C%EC%9D%B4%EC%8D%AC&searchType=search&paid_fl=n&search_uuid=6d68b33d-8db2-4c9f-a4dc-832537795ec6",""
"Python, Java, AWS, 빅데이터, 데이터분석가 외                    수정일 24/12/16","상품기획·MD 지원 TOP100","(주)교원","[교원그룹] 12월 정기채용","~ 12/22(일)","서울  중구","서울  중구","신입·경력","고졸↑","정규직·계약직","","Python, Java, AWS, 빅데이터, 데이터분석가","2024-12-17T10:40:01.598Z","2024-12-17T10:40:01.598Z","https://www.saramin.co.kr/zf_user/jobs/relay/view?view_type=search&rec_idx=49585866&location=ts&searchword=%ED%8C%8C%EC%9D%B4%EC%8D%AC&searchType=search&paid_fl=n&search_uuid=6d68b33d-8db2-4c9f-a4dc-832537795ec6",""
"Python, C++, Java, 웹개발, 앱개발 외                    수정일 24/12/09","마케팅·홍보·조사 지원 TOP100","영남이공대학교","영남이공대학교 일반직원 공개채용 공고","~ 12/23(월)","대구  남구","대구  남구","신입·경력","초대졸↑","정규직","","Python, C++, Java, 웹개발, 앱개발","2024-12-17T10:40:01.599Z","2024-12-17T10:40:01.599Z","https://www.saramin.co.kr/zf_user/jobs/relay/view?view_type=search&rec_idx=49525634&location=ts&searchword=%ED%8C%8C%EC%9D%B4%EC%8D%AC&searchType=search&paid_fl=n&search_uuid=6d68b33d-8db2-4c9f-a4dc-832537795ec6",""
"Python, C++, Java, 딥러닝, AWS 외                    수정일 24/11/25","금융·보험 지원 TOP100","이에이트(주)","[코스닥 상장사] 이에이트 신입 및 경력 채용","~ 12/31(화)","서울  송파구","서울  송파구","신입·경력","학력무관","정규직·전문연구요원","","Python, C++, Java, 딥러닝, AWS","2024-12-17T10:40:01.600Z","2024-12-17T10:40:01.600Z","https://www.saramin.co.kr/zf_user/jobs/relay/view?view_type=search&rec_idx=48494926&location=ts&searchword=%ED%8C%8C%EC%9D%B4%EC%8D%AC&searchType=search&paid_fl=n&search_uuid=6d68b33d-8db2-4c9f-a4dc-832537795ec6",""
"Python, 머신러닝, 데이터엔지니어, 백엔드/서버개발, 앱개발 외                    수정일 24/12/12","마케팅·홍보·조사 지원 TOP100","롯데손해보험(주)","신입사원 채용공고","~ 12/19(목)","서울  중구","서울  중구","신입","대졸↑","정규직","","Python, 머신러닝, 데이터엔지니어, 백엔드/서버개발, 앱개발","2024-12-17T10:40:01.601Z","2024-12-17T10:40:01.601Z","https://www.saramin.co.kr/zf_user/jobs/relay/view?view_type=search&rec_idx=49568890&location=ts&searchword=%ED%8C%8C%EC%9D%B4%EC%8D%AC&searchType=search&paid_fl=n&search_uuid=6d68b33d-8db2-4c9f-a4dc-832537795ec6",""
"Python, C++, Java, AWS, 솔루션 외                    수정일 24/12/17","기획·전략 지원 급상승","(주)푸드테크","㈜푸드테크 하반기 신입/경력 전부문 채용","~ 12/31(화)","서울  강남구","서울  강남구","신입·경력","초대졸↑","정규직","","Python, C++, Java, AWS, 솔루션","2024-12-17T10:40:01.602Z","2024-12-17T10:40:01.602Z","https://www.saramin.co.kr/zf_user/jobs/relay/view?view_type=search&rec_idx=49525316&location=ts&searchword=%ED%8C%8C%EC%9D%B4%EC%8D%AC&searchType=search&paid_fl=n&search_uuid=6d68b33d-8db2-4c9f-a4dc-832537795ec6",""
"Python, C++, 솔루션, 백엔드/서버개발, SE(시스템엔지니어) 외                    수정일 24/12/12","연봉상승률 15% 이상","(주)원익로보틱스","전 부문 채용","~ 12/31(화)","경기  성남시 분당구","경기  성남시 분당구","신입·경력","초대졸↑","정규직","","Python, C++, 솔루션, 백엔드/서버개발, SE(시스템엔지니어)","2024-12-17T10:40:01.603Z","2024-12-17T10:40:01.603Z","https://www.saramin.co.kr/zf_user/jobs/relay/view?view_type=search&rec_idx=49561788&location=ts&searchword=%ED%8C%8C%EC%9D%B4%EC%8D%AC&searchType=search&paid_fl=n&search_uuid=6d68b33d-8db2-4c9f-a4dc-832537795ec6",""
"Python, C++, Java, 딥러닝, AWS 외                    수정일 24/12/11","상품기획·MD 지원 TOP100","(주)티엑스알로보틱스","2024년 하반기 상시채용 모집","~ 12/22(일)","경기  부천시","경기  부천시","경력무관","학력무관","정규직","","Python, C++, Java, 딥러닝, AWS","2024-12-17T10:40:01.604Z","2024-12-17T10:40:01.604Z","https://www.saramin.co.kr/zf_user/jobs/relay/view?view_type=search&rec_idx=49424016&location=ts&searchword=%ED%8C%8C%EC%9D%B4%EC%8D%AC&searchType=search&paid_fl=n&search_uuid=6d68b33d-8db2-4c9f-a4dc-832537795ec6",""
"Python, Java, AWS, 솔루션, 머신러닝 외                    수정일 24/12/16","인기있는","(주)휴머스온","2025년도 휴머스온 대규모 채용 상반기 SW/Biz 공채 경력공채","~ 01/01(수)","서울  강남구","서울  강남구","신입·경력","대졸↑","정규직·인턴직","","Python, Java, AWS, 솔루션, 머신러닝","2024-12-17T10:40:01.605Z","2024-12-17T10:40:01.605Z","https://www.saramin.co.kr/zf_user/jobs/relay/view?view_type=search&rec_idx=49593871&location=ts&searchword=%ED%8C%8C%EC%9D%B4%EC%8D%AC&searchType=search&paid_fl=n&search_uuid=6d68b33d-8db2-4c9f-a4dc-832537795ec6",""
"Python, Java, 솔루션, 웹개발, 데이터분석가 외                    수정일 24/12/17","마케팅·홍보·조사 지원 TOP100","동아출판(주)","동아출판㈜ 2024년 12월 경력사원 채용","~ 12/29(일)","서울  영등포구","서울  영등포구","경력","대졸↑","정규직·계약직","","Python, Java, 솔루션, 웹개발, 데이터분석가","2024-12-17T10:40:01.605Z","2024-12-17T10:40:01.605Z","https://www.saramin.co.kr/zf_user/jobs/relay/view?view_type=search&rec_idx=49582206&location=ts&searchword=%ED%8C%8C%EC%9D%B4%EC%8D%AC&searchType=search&paid_fl=n&search_uuid=6d68b33d-8db2-4c9f-a4dc-832537795ec6",""
"Python, Java, 딥러닝, 머신러닝, 빅데이터 외                    등록일 24/12/16","인기있는","(주)더원테크","[인턴 모집] 빅데이터 와 인공지능 AI 프로그램 개발 인턴 모집","~ 01/15(수)","서울  금천구","서울  금천구","경력무관","대졸↑","정규직·인턴직","230 만원","Python, Java, 딥러닝, 머신러닝, 빅데이터","2024-12-17T10:40:01.606Z","2024-12-17T10:40:01.606Z","https://www.saramin.co.kr/zf_user/jobs/relay/view?view_type=search&rec_idx=49595451&location=ts&searchword=%ED%8C%8C%EC%9D%B4%EC%8D%AC&searchType=search&paid_fl=n&search_uuid=6d68b33d-8db2-4c9f-a4dc-832537795ec6",""
"Python, 웹개발, 앱개발, 프론트엔드, SI개발 외                    수정일 24/11/19","상품기획·MD 지원 TOP100","(주)라이프스타일프로젝트","LSP 하반기 신입/경력 채용","상시채용","서울  강남구","서울  강남구","신입·경력","학력무관","정규직","","Python, 웹개발, 앱개발, 프론트엔드, SI개발","2024-12-17T10:40:01.606Z","2024-12-17T10:40:01.606Z","https://www.saramin.co.kr/zf_user/jobs/relay/view?view_type=search&rec_idx=49286279&location=ts&searchword=%ED%8C%8C%EC%9D%B4%EC%8D%AC&searchType=search&paid_fl=n&search_uuid=6d68b33d-8db2-4c9f-a4dc-832537795ec6",""
"C++, 솔루션, Linux, C#, CentOS 외                    수정일 24/12/05","구매·자재·물류 지원 급상승","캐논코리아 주식회사","캐논코리아 각 부문 채용(본사/안산사업소)","~ 12/31(화)","서울  강남구","서울  강남구","경력","초대졸↑","정규직","","C++, 솔루션, Linux, C#, CentOS","2024-12-17T10:40:01.607Z","2024-12-17T10:40:01.607Z","https://www.saramin.co.kr/zf_user/jobs/relay/view?view_type=search&rec_idx=49536402&location=ts&searchword=%ED%8C%8C%EC%9D%B4%EC%8D%AC&searchType=search&paid_fl=n&search_uuid=6d68b33d-8db2-4c9f-a4dc-832537795ec6",""
"C++, 머신러닝, Linux, 유지보수, 퍼블리셔 외                    수정일 24/12/06","의료 지원 TOP100","(주)디알텍","2024년 신입 및 경력 채용","~ 12/31(화)","경기  성남시 분당구","경기  성남시 분당구","신입·경력","고졸↑","정규직","","C++, 머신러닝, Linux, 유지보수, 퍼블리셔","2024-12-17T10:40:04.519Z","2024-12-17T10:40:04.519Z","https://www.saramin.co.kr/zf_user/jobs/relay/view?view_type=search&rec_idx=49507897&location=ts&searchword=%ED%8C%8C%EC%9D%B4%EC%8D%AC&searchType=search&paid_fl=n&search_uuid=9418c733-81ad-4289-9c35-a878b66990a3",""
"비서, 사무직, 서무, 총무, 교육행정 외                    수정일 24/11/20","인사·노무·HRD 지원 TOP100","(주)콘텐츠브릿지","경영지원팀 인사/총무 담당자 채용 (신입)","~ 12/20(금)","서울  강남구","서울  강남구","신입","초대졸↑","정규직","","비서, 사무직, 서무, 총무, 교육행정","2024-12-17T10:40:04.519Z","2024-12-17T10:40:04.519Z","https://www.saramin.co.kr/zf_user/jobs/relay/view?view_type=search&rec_idx=49438256&location=ts&searchword=%ED%8C%8C%EC%9D%B4%EC%8D%AC&searchType=search&paid_fl=n&search_uuid=9418c733-81ad-4289-9c35-a878b66990a3",""
"영업관리, 영업지원, 영업직, 영업MD, 건강식품판매 외                    수정일 24/12/16","마케팅·홍보·조사 지원 TOP100","(주)에치와이","2025년 상반기 (주)hy 채용연계형 인턴 모집","~ 12/26(목)","서울  서초구","서울  서초구","신입·경력","대졸↑","인턴직","","영업관리, 영업지원, 영업직, 영업MD, 건강식품판매","2024-12-17T10:40:04.519Z","2024-12-17T10:40:04.519Z","https://www.saramin.co.kr/zf_user/jobs/relay/view?view_type=search&rec_idx=49584621&location=ts&searchword=%ED%8C%8C%EC%9D%B4%EC%8D%AC&searchType=search&paid_fl=n&search_uuid=9418c733-81ad-4289-9c35-a878b66990a3",""
"Python, C++, Java, 머신러닝, 네트워크 외                    수정일 24/11/27","평균연봉 상위 10%","(주)마이크로인피니티","㈜마이크로인피니티 대전사업장 정규직 사원 모집","~ 12/31(화)","대전  유성구","대전  유성구","신입·경력","대졸↑","정규직·전문연구요원","","Python, C++, Java, 머신러닝, 네트워크","2024-12-17T10:40:04.520Z","2024-12-17T10:40:04.520Z","https://www.saramin.co.kr/zf_user/jobs/relay/view?view_type=search&rec_idx=49210192&location=ts&searchword=%ED%8C%8C%EC%9D%B4%EC%8D%AC&searchType=search&paid_fl=n&search_uuid=9418c733-81ad-4289-9c35-a878b66990a3",""
"Python, 딥러닝, 머신러닝, 알고리즘, AI(인공지능) 외                    수정일 24/12/16","IT개발·데이터 스크랩 TOP100","(주)알엠에쓰플렛폼","데이터 사이언티스트 신입 및 경력 모집","~ 01/15(수)","서울  마포구","서울  마포구","신입·경력","학력무관","정규직","","Python, 딥러닝, 머신러닝, 알고리즘, AI(인공지능)","2024-12-17T10:40:04.520Z","2024-12-17T10:40:04.520Z","https://www.saramin.co.kr/zf_user/jobs/relay/view?view_type=search&rec_idx=49593405&location=ts&searchword=%ED%8C%8C%EC%9D%B4%EC%8D%AC&searchType=search&paid_fl=n&search_uuid=9418c733-81ad-4289-9c35-a878b66990a3",""
"Python, 웹개발, 백엔드/서버개발, 퍼블리셔, 프론트엔드 외                    등록일 24/12/16","취업축하금","(주)에이오팜","AI농산물 검사 시스템 소프트웨어 개발Ⅱ 담당자 채용","~ 01/16(목)","경기전체","경기전체","신입·경력","학력무관","정규직","","Python, 웹개발, 백엔드/서버개발, 퍼블리셔, 프론트엔드","2024-12-17T10:40:04.520Z","2024-12-17T10:40:04.520Z","https://www.saramin.co.kr/zf_user/jobs/relay/view?view_type=search&rec_idx=49599511&location=ts&searchword=%ED%8C%8C%EC%9D%B4%EC%8D%AC&searchType=search&paid_fl=n&search_uuid=9418c733-81ad-4289-9c35-a878b66990a3",""
"Python, 게임개발, 모델링, 게임디자인, 모바일디자인 외                    수정일 24/12/16","디자인 스크랩 급상승","(주)네오플","[네오플] 게임그래픽 직군 분야별 모집 (근무지 : 서울)","~ 01/14(화)","서울  강남구","서울  강남구","경력무관","학력무관","정규직","","Python, 게임개발, 모델링, 게임디자인, 모바일디자인","2024-12-17T10:40:04.521Z","2024-12-17T10:40:04.521Z","https://www.saramin.co.kr/zf_user/jobs/relay/view?view_type=search&rec_idx=49409825&location=ts&searchword=%ED%8C%8C%EC%9D%B4%EC%8D%AC&searchType=search&paid_fl=n&search_uuid=9418c733-81ad-4289-9c35-a878b66990a3",""
"Python, C++, 솔루션, Linux, 게임개발 외                    수정일 24/12/16","IT개발·데이터 스크랩 급상승","(주)네오플","[네오플] 프로그래밍/기술지원 직군 분야별 모집(근무지:서울)","~ 01/14(화)","서울  강남구","서울  강남구","신입·경력","학력무관","정규직","","Python, C++, 솔루션, Linux, 게임개발","2024-12-17T10:40:04.521Z","2024-12-17T10:40:04.521Z","https://www.saramin.co.kr/zf_user/jobs/relay/view?view_type=search&rec_idx=49409848&location=ts&searchword=%ED%8C%8C%EC%9D%B4%EC%8D%AC&searchType=search&paid_fl=n&search_uuid=9418c733-81ad-4289-9c35-a878b66990a3",""
"Python, 딥러닝, 머신러닝, 빅데이터, 데이터분석가 외                    등록일 24/10/21","IT개발·데이터 스크랩 급상승","서울대학교병원","서울대학교병원 AI/데이터사이언스 연구원 및 대학원생 채용","~ 12/20(금)","서울  종로구","서울  종로구","경력무관","대졸↑","계약직","","Python, 딥러닝, 머신러닝, 빅데이터, 데이터분석가","2024-12-17T10:40:04.522Z","2024-12-17T10:40:04.522Z","https://www.saramin.co.kr/zf_user/jobs/relay/view?view_type=search&rec_idx=49233336&location=ts&searchword=%ED%8C%8C%EC%9D%B4%EC%8D%AC&searchType=search&paid_fl=n&search_uuid=9418c733-81ad-4289-9c35-a878b66990a3",""
"Python, AWS, 빅데이터, 웹개발, 백엔드/서버개발 외                    수정일 24/12/13","취업축하금","(주)사람인","[사람인] 데이터 엔지니어 (전환형인턴)","~ 12/22(일)","서울전체","서울전체","신입·경력","학력무관","정규직","","Python, AWS, 빅데이터, 웹개발, 백엔드/서버개발","2024-12-17T10:40:04.522Z","2024-12-17T10:40:04.522Z","https://www.saramin.co.kr/zf_user/jobs/relay/view?view_type=search&rec_idx=49521591&location=ts&searchword=%ED%8C%8C%EC%9D%B4%EC%8D%AC&searchType=search&paid_fl=n&search_uuid=9418c733-81ad-4289-9c35-a878b66990a3",""
"Python, 데이터분석가, 데이터엔지니어, EDA                    수정일 24/12/16","인기있는","네이버클라우드(주)","[네이버] NAVER Cloud Multimodal LLM 모델 개발(체험형 인턴)","~ 12/30(월)","경기  성남시 분당구","경기  성남시 분당구","신입","대졸↑","인턴직","","Python, 데이터분석가, 데이터엔지니어, EDA","2024-12-17T10:40:04.522Z","2024-12-17T10:40:04.522Z","https://www.saramin.co.kr/zf_user/jobs/relay/view?view_type=search&rec_idx=49592166&location=ts&searchword=%ED%8C%8C%EC%9D%B4%EC%8D%AC&searchType=search&paid_fl=n&search_uuid=9418c733-81ad-4289-9c35-a878b66990a3",""
"Python, C++, Java, AWS, Linux 외                    수정일 24/12/16","기획·전략 조회 급상승","에이엠(주)","에이엠㈜ 신입/경력 채용 모집","~ 12/21(토)","경기  과천시","경기  과천시","신입·경력","대졸↑","정규직","","Python, C++, Java, AWS, Linux","2024-12-17T10:40:04.523Z","2024-12-17T10:40:04.523Z","https://www.saramin.co.kr/zf_user/jobs/relay/view?view_type=search&rec_idx=49452884&location=ts&searchword=%ED%8C%8C%EC%9D%B4%EC%8D%AC&searchType=search&paid_fl=n&search_uuid=9418c733-81ad-4289-9c35-a878b66990a3",""
"Python, Java, 딥러닝, 머신러닝, 게임개발 외                    수정일 24/11/06","마케팅·홍보·조사 지원 TOP100","(주)엔씨소프트","엔씨소프트 전 부문 수시 채용","~ 05/14(수)","경기  성남시 분당구","경기  성남시 분당구","신입·경력","학력무관","정규직","","Python, Java, 딥러닝, 머신러닝, 게임개발","2024-12-17T10:40:04.523Z","2024-12-17T10:40:04.523Z","https://www.saramin.co.kr/zf_user/jobs/relay/view?view_type=search&rec_idx=48103965&location=ts&searchword=%ED%8C%8C%EC%9D%B4%EC%8D%AC&searchType=search&paid_fl=n&search_uuid=9418c733-81ad-4289-9c35-a878b66990a3",""
"Python, C++, Java, AWS, 솔루션 외                    수정일 24/03/12","기획·전략 지원 TOP100","현대오토에버(주)","차량SW · ICT · 경영지원 부문 채용","상시채용","서울  강남구","서울  강남구","경력","학력무관","정규직·계약직","","Python, C++, Java, AWS, 솔루션","2024-12-17T10:40:04.523Z","2024-12-17T10:40:04.523Z","https://www.saramin.co.kr/zf_user/jobs/relay/view?view_type=search&rec_idx=47669139&location=ts&searchword=%ED%8C%8C%EC%9D%B4%EC%8D%AC&searchType=search&paid_fl=n&search_uuid=9418c733-81ad-4289-9c35-a878b66990a3",""
"Python, AWS, 솔루션, 머신러닝, AI(인공지능) 외                    수정일 24/12/17","미디어·문화·스포츠 지원 급상승","(주)폴리인스퍼레이션","폴리인스퍼레이션 채용 (캠퍼스지원,마케팅,R&D,IT,출판)","~ 01/04(토)","서울  송파구","서울  송파구","신입·경력","학력무관","정규직","","Python, AWS, 솔루션, 머신러닝, AI(인공지능)","2024-12-17T10:40:04.524Z","2024-12-17T10:40:04.524Z","https://www.saramin.co.kr/zf_user/jobs/relay/view?view_type=search&rec_idx=49528382&location=ts&searchword=%ED%8C%8C%EC%9D%B4%EC%8D%AC&searchType=search&paid_fl=n&search_uuid=9418c733-81ad-4289-9c35-a878b66990a3",""
"Python, C++, 머신러닝, Linux, 앱개발 외                    수정일 24/12/17","미디어·문화·스포츠 스크랩 급상승","(주)디알젬","본사 각 부문별 채용","~ 12/22(일)","경기  광명시","경기  광명시","신입·경력","초대졸↑","정규직","","Python, C++, 머신러닝, Linux, 앱개발","2024-12-17T10:40:04.524Z","2024-12-17T10:40:04.524Z","https://www.saramin.co.kr/zf_user/jobs/relay/view?view_type=search&rec_idx=49527658&location=ts&searchword=%ED%8C%8C%EC%9D%B4%EC%8D%AC&searchType=search&paid_fl=n&search_uuid=9418c733-81ad-4289-9c35-a878b66990a3",""
"Python, C++, Java, 솔루션, Linux 외                    수정일 24/12/05","기획·전략 스크랩 급상승","(주)위즈코리아","㈜위즈코리아/㈜위즈COK SE(시스템 엔지니어), PM 채용","~ 12/31(화)","서울  강서구","서울  강서구","신입·경력","학력무관","정규직·병역특례","","Python, C++, Java, 솔루션, Linux","2024-12-17T10:40:04.525Z","2024-12-17T10:40:04.525Z","https://www.saramin.co.kr/zf_user/jobs/relay/view?view_type=search&rec_idx=49536432&location=ts&searchword=%ED%8C%8C%EC%9D%B4%EC%8D%AC&searchType=search&paid_fl=n&search_uuid=9418c733-81ad-4289-9c35-a878b66990a3",""
"Python, C++, Java, Linux, 백엔드/서버개발 외                    수정일 24/12/11","생산 지원 급상승","(주)우리기술","원자력 HW개발/SW개발/철도사업엔지니어/구매생산 분야 채용 모집","~ 12/31(화)","서울  마포구","서울  마포구","신입·경력","대졸↑","정규직","","Python, C++, Java, Linux, 백엔드/서버개발","2024-12-17T10:40:04.525Z","2024-12-17T10:40:04.525Z","https://www.saramin.co.kr/zf_user/jobs/relay/view?view_type=search&rec_idx=49523729&location=ts&searchword=%ED%8C%8C%EC%9D%B4%EC%8D%AC&searchType=search&paid_fl=n&search_uuid=9418c733-81ad-4289-9c35-a878b66990a3",""
"Python, 솔루션, 기술지원, SE(시스템엔지니어), SI개발 외                    수정일 24/12/09","공공·복지 지원 TOP100","(주)테크웨이즈","[㈜테크웨이즈] 각 부문별 신입·경력사원 모집","~ 12/28(토)","경기  용인시 수지구","경기  용인시 수지구","신입·경력","고졸↑","정규직","","Python, 솔루션, 기술지원, SE(시스템엔지니어), SI개발","2024-12-17T10:40:04.525Z","2024-12-17T10:40:04.525Z","https://www.saramin.co.kr/zf_user/jobs/relay/view?view_type=search&rec_idx=49553501&location=ts&searchword=%ED%8C%8C%EC%9D%B4%EC%8D%AC&searchType=search&paid_fl=n&search_uuid=9418c733-81ad-4289-9c35-a878b66990a3",""
"Python, C++, Java, AWS, 솔루션 외                    수정일 24/12/12","기획·전략 지원 급상승","(주)에스티에이테스팅컨설팅","[ISTQB 교육/자격시험 지원]SW 테스트 엔지니어 모집","~ 12/24(화)","서울  중구","서울  중구","신입·경력","초대졸↑","정규직","","Python, C++, Java, AWS, 솔루션","2024-12-17T10:40:04.526Z","2024-12-17T10:40:04.526Z","https://www.saramin.co.kr/zf_user/jobs/relay/view?view_type=search&rec_idx=49578003&location=ts&searchword=%ED%8C%8C%EC%9D%B4%EC%8D%AC&searchType=search&paid_fl=n&search_uuid=9418c733-81ad-4289-9c35-a878b66990a3",""
"Python, C++, 빅데이터, DBA, 클라우드 외                    수정일 24/12/09","평균연봉 상위 10%","(주)연합인포맥스","연합인포맥스 금융공학연구소 신입/경력 사원 모집","~ 12/19(목)","서울  종로구","서울  종로구","신입·경력","대졸↑","정규직","","Python, C++, 빅데이터, DBA, 클라우드","2024-12-17T10:40:04.526Z","2024-12-17T10:40:04.526Z","https://www.saramin.co.kr/zf_user/jobs/relay/view?view_type=search&rec_idx=49553973&location=ts&searchword=%ED%8C%8C%EC%9D%B4%EC%8D%AC&searchType=search&paid_fl=n&search_uuid=9418c733-81ad-4289-9c35-a878b66990a3",""
"Python, Java, 솔루션, 빅데이터, 웹개발 외                    수정일 24/12/03","인기있는","(주)더존비즈온","종합병원 EMR 개발 /기획(부산) 채용공고","~ 12/22(일)","부산  해운대구","부산  해운대구","경력","학력무관","정규직","","Python, Java, 솔루션, 빅데이터, 웹개발","2024-12-17T10:40:04.527Z","2024-12-17T10:40:04.527Z","https://www.saramin.co.kr/zf_user/jobs/relay/view?view_type=search&rec_idx=49392676&location=ts&searchword=%ED%8C%8C%EC%9D%B4%EC%8D%AC&searchType=search&paid_fl=n&search_uuid=9418c733-81ad-4289-9c35-a878b66990a3",""
"Python, Java, 솔루션, 웹개발, 데이터분석가 외                    등록일 24/11/25","IT개발·데이터 지원 급상승","(주)더캐리","2024년 (주)더캐리 IT인력(정보혁신부) 전 부문 공개채용","~ 12/31(화)","서울  강남구","서울  강남구","경력무관","대졸↑","정규직","","Python, Java, 솔루션, 웹개발, 데이터분석가","2024-12-17T10:40:04.527Z","2024-12-17T10:40:04.527Z","https://www.saramin.co.kr/zf_user/jobs/relay/view?view_type=search&rec_idx=49465265&location=ts&searchword=%ED%8C%8C%EC%9D%B4%EC%8D%AC&searchType=search&paid_fl=n&search_uuid=9418c733-81ad-4289-9c35-a878b66990a3",""
"Python, Java, 솔루션, 빅데이터, 백엔드/서버개발 외                    등록일 24/12/16","급성장중","(주)커넥트웨이브","[커넥트웨이브] Consumer Commerce CTO - 프론트엔드개발 채용","~ 01/31(금)","서울  금천구","서울  금천구","경력무관","학력무관","정규직","","Python, Java, 솔루션, 빅데이터, 백엔드/서버개발","2024-12-17T10:40:04.527Z","2024-12-17T10:40:04.527Z","https://www.saramin.co.kr/zf_user/jobs/relay/view?view_type=search&rec_idx=49599960&location=ts&searchword=%ED%8C%8C%EC%9D%B4%EC%8D%AC&searchType=search&paid_fl=n&search_uuid=9418c733-81ad-4289-9c35-a878b66990a3",""
"Python, C++, Linux, 웹개발, 앱개발 외                    등록일 24/12/16","평균연봉 상위 10%","로데슈바르즈코리아(주)","로데슈바르즈코리아 R&D 소프트웨어 개발자 신입/경력직(서울)","채용시","서울  강남구","서울  강남구","신입·경력","대졸↑","정규직","","Python, C++, Linux, 웹개발, 앱개발","2024-12-17T10:40:04.528Z","2024-12-17T10:40:04.528Z","https://www.saramin.co.kr/zf_user/jobs/relay/view?view_type=search&rec_idx=49599378&location=ts&searchword=%ED%8C%8C%EC%9D%B4%EC%8D%AC&searchType=search&paid_fl=n&search_uuid=9418c733-81ad-4289-9c35-a878b66990a3",""
"Python, Java, 솔루션, 빅데이터, 백엔드/서버개발 외                    등록일 24/12/16","인기있는","(주)커넥트웨이브","[커넥트웨이브] Consumer Commerce CTO - 백엔드개발 채용","~ 01/31(금)","서울  금천구","서울  금천구","경력무관","학력무관","정규직","","Python, Java, 솔루션, 빅데이터, 백엔드/서버개발","2024-12-17T10:40:04.528Z","2024-12-17T10:40:04.528Z","https://www.saramin.co.kr/zf_user/jobs/relay/view?view_type=search&rec_idx=49599936&location=ts&searchword=%ED%8C%8C%EC%9D%B4%EC%8D%AC&searchType=search&paid_fl=n&search_uuid=9418c733-81ad-4289-9c35-a878b66990a3",""
"Python, H/W, S/W, 연구원, 기술연구 외                    수정일 24/11/14","생산 지원 급상승","㈜엘오티베큠","[오산/세마역10분]반도체장비회사 연구소 분야별 신입/경력 채용","~ 01/13(월)","경기  오산시","경기  오산시","신입·경력","대졸↑","정규직","","Python, H/W, S/W, 연구원, 기술연구","2024-12-17T10:40:04.529Z","2024-12-17T10:40:04.529Z","https://www.saramin.co.kr/zf_user/jobs/relay/view?view_type=search&rec_idx=49404038&location=ts&searchword=%ED%8C%8C%EC%9D%B4%EC%8D%AC&searchType=search&paid_fl=n&search_uuid=9418c733-81ad-4289-9c35-a878b66990a3",""
"Python, C++, 딥러닝, 솔루션, 알고리즘개발 외                    수정일 24/12/02","인기있는","(주)엠플러스","SW개발팀 신입 채용","~ 12/31(화)","경기  수원시 권선구","경기  수원시 권선구","신입","대졸↑","정규직","","Python, C++, 딥러닝, 솔루션, 알고리즘개발","2024-12-17T10:40:04.529Z","2024-12-17T10:40:04.529Z","https://www.saramin.co.kr/zf_user/jobs/relay/view?view_type=search&rec_idx=49509845&location=ts&searchword=%ED%8C%8C%EC%9D%B4%EC%8D%AC&searchType=search&paid_fl=n&search_uuid=9418c733-81ad-4289-9c35-a878b66990a3",""
"Python, AWS, 머신러닝, 빅데이터, 데이터분석가 외                    수정일 24/11/13","기획·전략 지원 급상승","넛지헬스케어(주)","[캐시워크] 데이터분석 담당 채용전환형 인턴","~ 01/06(월)","서울  강남구","서울  강남구","신입","대졸↑","인턴직","","Python, AWS, 머신러닝, 빅데이터, 데이터분석가","2024-12-17T10:40:04.529Z","2024-12-17T10:40:04.529Z","https://www.saramin.co.kr/zf_user/jobs/relay/view?view_type=search&rec_idx=49356995&location=ts&searchword=%ED%8C%8C%EC%9D%B4%EC%8D%AC&searchType=search&paid_fl=n&search_uuid=9418c733-81ad-4289-9c35-a878b66990a3",""
"Python, Java, AWS, 솔루션, 웹개발 외                    등록일 24/12/04","IT개발·데이터 지원 급상승","넛지헬스케어(주)","[넛지헬스케어] 백엔드개발 채용전환형 인턴","~ 02/02(일)","서울  강남구","서울  강남구","신입","학력무관","인턴직","","Python, Java, AWS, 솔루션, 웹개발","2024-12-17T10:40:04.530Z","2024-12-17T10:40:04.530Z","https://www.saramin.co.kr/zf_user/jobs/relay/view?view_type=search&rec_idx=49523378&location=ts&searchword=%ED%8C%8C%EC%9D%B4%EC%8D%AC&searchType=search&paid_fl=n&search_uuid=9418c733-81ad-4289-9c35-a878b66990a3",""
"Python, 솔루션, 웹개발, 백엔드/서버개발, 유지보수 외                    등록일 24/12/16","인기있는","(주)엔이에스","엔이에스 웹 개발자 인재 채용(주5일 근무)","~ 01/15(수)","충북  청주시 청원구","충북  청주시 청원구","경력","학력무관","정규직","","Python, 솔루션, 웹개발, 백엔드/서버개발, 유지보수","2024-12-17T10:40:04.530Z","2024-12-17T10:40:04.530Z","https://www.saramin.co.kr/zf_user/jobs/relay/view?view_type=search&rec_idx=49593508&location=ts&searchword=%ED%8C%8C%EC%9D%B4%EC%8D%AC&searchType=search&paid_fl=n&search_uuid=9418c733-81ad-4289-9c35-a878b66990a3",""
"Python, 머신러닝, 모델링, Matlab, 자료조사 외                    수정일 24/12/10","건설·건축 지원 급상승","한국해양과학기술원","2025년 상반기 연수연구원 공개채용","~ 12/19(목)","경남  거제시","경남  거제시","경력무관","석사↑","기간제·계약직","","Python, 머신러닝, 모델링, Matlab, 자료조사","2024-12-17T10:40:04.531Z","2024-12-17T10:40:04.531Z","https://www.saramin.co.kr/zf_user/jobs/relay/view?view_type=search&rec_idx=49539026&location=ts&searchword=%ED%8C%8C%EC%9D%B4%EC%8D%AC&searchType=search&paid_fl=n&search_uuid=9418c733-81ad-4289-9c35-a878b66990a3",""
"Python, 빅데이터, 데이터분석가, 데이터엔지니어, SI개발 외                    수정일 24/12/12","고객상담·TM 지원 TOP100","(주)씨아이템프러리","[CI] 현대캐피탈 금융기획팀 (데이터분석/지계수 분석) 채용","~ 01/11(토)","서울  중구","서울  중구","경력무관","학력무관","계약직","3,344 만원","Python, 빅데이터, 데이터분석가, 데이터엔지니어, SI개발","2024-12-17T10:40:04.531Z","2024-12-17T10:40:04.531Z","https://www.saramin.co.kr/zf_user/jobs/relay/view?view_type=search&rec_idx=49574734&location=ts&searchword=%ED%8C%8C%EC%9D%B4%EC%8D%AC&searchType=search&paid_fl=n&search_uuid=9418c733-81ad-4289-9c35-a878b66990a3",""
"Python, C++, 딥러닝, AWS, 머신러닝 외                    수정일 24/12/11","IT개발·데이터 지원 급상승","(주)에이아이매틱스","연구개발(알고리즘개발 /소프트웨어개발) 담당자 채용","~ 01/10(금)","경기  성남시 분당구","경기  성남시 분당구","신입·경력","초대졸↑","정규직","","Python, C++, 딥러닝, AWS, 머신러닝","2024-12-17T10:40:04.531Z","2024-12-17T10:40:04.531Z","https://www.saramin.co.kr/zf_user/jobs/relay/view?view_type=search&rec_idx=49568758&location=ts&searchword=%ED%8C%8C%EC%9D%B4%EC%8D%AC&searchType=search&paid_fl=n&search_uuid=9418c733-81ad-4289-9c35-a878b66990a3",""
"Python, C++, Java, AWS, Linux 외                    수정일 24/12/16","상품기획·MD 지원 TOP100","(주)플그림","2024 하반기 개발직군 경력직 채용[AA]","~ 12/31(화)","서울  성동구","서울  성동구","경력","대졸↑","정규직","","Python, C++, Java, AWS, Linux","2024-12-17T10:40:04.532Z","2024-12-17T10:40:04.532Z","https://www.saramin.co.kr/zf_user/jobs/relay/view?view_type=search&rec_idx=49432172&location=ts&searchword=%ED%8C%8C%EC%9D%B4%EC%8D%AC&searchType=search&paid_fl=n&search_uuid=9418c733-81ad-4289-9c35-a878b66990a3",""
"Python, C++, Java, 솔루션, 머신러닝 외                    수정일 24/12/12","기획·전략 스크랩 급상승","(주)피아이이","㈜피아이이 하반기 경력사원 공개채용","~ 12/31(화)","경기  화성시","경기  화성시","경력","초대졸↑","정규직·계약직","","Python, C++, Java, 솔루션, 머신러닝","2024-12-17T10:40:04.532Z","2024-12-17T10:40:04.532Z","https://www.saramin.co.kr/zf_user/jobs/relay/view?view_type=search&rec_idx=49491376&location=ts&searchword=%ED%8C%8C%EC%9D%B4%EC%8D%AC&searchType=search&paid_fl=n&search_uuid=9418c733-81ad-4289-9c35-a878b66990a3",""
"Python, C++, Java, Linux, 빅데이터 외                    수정일 24/12/02","기획·전략 지원 TOP100","(주)헥토이노베이션","헥토이노베이션 직군별 인재 모집","~ 12/31(화)","서울  강남구","서울  강남구","신입·경력","초대졸↑","정규직","","Python, C++, Java, Linux, 빅데이터","2024-12-17T10:40:04.533Z","2024-12-17T10:40:04.533Z","https://www.saramin.co.kr/zf_user/jobs/relay/view?view_type=search&rec_idx=49506813&location=ts&searchword=%ED%8C%8C%EC%9D%B4%EC%8D%AC&searchType=search&paid_fl=n&search_uuid=9418c733-81ad-4289-9c35-a878b66990a3",""
"Python, C++, 솔루션, Linux, 기술지원 외                    수정일 24/12/04","IT개발·데이터 스크랩 급상승","(주)지란지교시큐리티","지란지교시큐리티 각 부문별 인재 채용","오늘마감","경기  성남시 수정구","경기  성남시 수정구","신입·경력","학력무관","정규직","","Python, C++, 솔루션, Linux, 기술지원","2024-12-17T10:40:04.533Z","2024-12-17T10:40:04.533Z","https://www.saramin.co.kr/zf_user/jobs/relay/view?view_type=search&rec_idx=49520868&location=ts&searchword=%ED%8C%8C%EC%9D%B4%EC%8D%AC&searchType=search&paid_fl=n&search_uuid=9418c733-81ad-4289-9c35-a878b66990a3",""
"Python, 머신러닝, 모델링, AI(인공지능), SAS 외                    수정일 24/12/11","기획·전략 지원 TOP100","롯데손해보험(주)","신입사원 채용공고(데이터모델링)","~ 12/19(목)","서울  중구","서울  중구","신입","대졸↑","정규직","","Python, 머신러닝, 모델링, AI(인공지능), SAS","2024-12-17T10:40:04.534Z","2024-12-17T10:40:04.534Z","https://www.saramin.co.kr/zf_user/jobs/relay/view?view_type=search&rec_idx=49567680&location=ts&searchword=%ED%8C%8C%EC%9D%B4%EC%8D%AC&searchType=search&paid_fl=n&search_uuid=9418c733-81ad-4289-9c35-a878b66990a3",""
"Python, C++, Java, Linux, 빅데이터 외                    등록일 24/12/16","연봉상승률 15% 이상","(주)프람트테크놀로지","[프람트테크놀로지] 소프트웨어 개발분야 계약직 사원모집","~ 01/15(수)","서울  강남구","서울  강남구","경력무관","대졸↑","계약직","","Python, C++, Java, Linux, 빅데이터","2024-12-17T10:40:04.534Z","2024-12-17T10:40:04.534Z","https://www.saramin.co.kr/zf_user/jobs/relay/view?view_type=search&rec_idx=49598747&location=ts&searchword=%ED%8C%8C%EC%9D%B4%EC%8D%AC&searchType=search&paid_fl=n&search_uuid=9418c733-81ad-4289-9c35-a878b66990a3",""
"Python, C++, Java, Linux, 빅데이터 외                    등록일 24/12/16","연봉상승률 15% 이상","(주)프람트테크놀로지","[프람트테크놀로지] 소프트웨어 개발분야 정규직 신입사원 채용","~ 01/15(수)","서울  강남구","서울  강남구","신입","대졸↑","정규직·계약직","","Python, C++, Java, Linux, 빅데이터","2024-12-17T10:40:07.847Z","2024-12-17T10:40:07.847Z","https://www.saramin.co.kr/zf_user/jobs/relay/view?view_type=search&rec_idx=49598677&location=ts&searchword=%ED%8C%8C%EC%9D%B4%EC%8D%AC&searchType=search&paid_fl=n&search_uuid=043a9b3c-f736-4ed5-bdd7-e32193d2e6c5",""
"Python, Java, 솔루션, 머신러닝, 빅데이터 외                    등록일 24/12/17","오늘 뜬","(주)앰진","(주)앰진 IT 백엔드 신입·경력 채용공고","~ 12/23(월)","서울  송파구","서울  송파구","신입·경력","대졸↑","정규직","","Python, Java, 솔루션, 머신러닝, 빅데이터","2024-12-17T10:40:07.848Z","2024-12-17T10:40:07.848Z","https://www.saramin.co.kr/zf_user/jobs/relay/view?view_type=search&rec_idx=49601894&location=ts&searchword=%ED%8C%8C%EC%9D%B4%EC%8D%AC&searchType=search&paid_fl=n&search_uuid=043a9b3c-f736-4ed5-bdd7-e32193d2e6c5",""
"Python, C++, Java, 웹개발, 백엔드/서버개발 외                    등록일 24/12/06","IT개발·데이터 지원 TOP100","알디에스(주)","알디에스(오뚜기IT자회사) IT (웹)운영개발 사원모집","~ 12/22(일)","서울  강남구","서울  강남구","신입","대졸↑","정규직","3,800 만원","Python, C++, Java, 웹개발, 백엔드/서버개발","2024-12-17T10:40:07.849Z","2024-12-17T10:40:07.849Z","https://www.saramin.co.kr/zf_user/jobs/relay/view?view_type=search&rec_idx=49540716&location=ts&searchword=%ED%8C%8C%EC%9D%B4%EC%8D%AC&searchType=search&paid_fl=n&search_uuid=043a9b3c-f736-4ed5-bdd7-e32193d2e6c5",""
"Python, C++, 딥러닝, 머신러닝, Linux 외                    등록일 24/12/02","IT개발·데이터 스크랩 급상승","㈜리버트론","[정규직] 소프트웨어 개발","~ 12/31(화)","서울  영등포구","서울  영등포구","경력무관","대졸↑","정규직","","Python, C++, 딥러닝, 머신러닝, Linux","2024-12-17T10:40:07.850Z","2024-12-17T10:40:07.850Z","https://www.saramin.co.kr/zf_user/jobs/relay/view?view_type=search&rec_idx=49505366&location=ts&searchword=%ED%8C%8C%EC%9D%B4%EC%8D%AC&searchType=search&paid_fl=n&search_uuid=043a9b3c-f736-4ed5-bdd7-e32193d2e6c5",""
"Python, 웹개발, 백엔드/서버개발, 퍼블리셔, 프론트엔드 외                    등록일 24/12/17","취업축하금","(주)두다지","불법 저작권 모니터링 시스템 개발 및 운영","~ 01/15(수)","서울  관악구","서울  관악구","신입·경력","대졸↑","정규직","","Python, 웹개발, 백엔드/서버개발, 퍼블리셔, 프론트엔드","2024-12-17T10:40:07.851Z","2024-12-17T10:40:07.851Z","https://www.saramin.co.kr/zf_user/jobs/relay/view?view_type=search&rec_idx=49606240&location=ts&searchword=%ED%8C%8C%EC%9D%B4%EC%8D%AC&searchType=search&paid_fl=n&search_uuid=043a9b3c-f736-4ed5-bdd7-e32193d2e6c5",""
"Python, AWS, 솔루션, 빅데이터, 웹개발 외                    수정일 24/12/16","디자인 조회 TOP100","(주)나라스페이스테크놀로지","[NARA SPACE] 각 부문별 직원모집","상시채용","서울  영등포구","서울  영등포구","신입·경력","초대졸↑","정규직","","Python, AWS, 솔루션, 빅데이터, 웹개발","2024-12-17T10:40:07.852Z","2024-12-17T10:40:07.852Z","https://www.saramin.co.kr/zf_user/jobs/relay/view?view_type=search&rec_idx=49394069&location=ts&searchword=%ED%8C%8C%EC%9D%B4%EC%8D%AC&searchType=search&paid_fl=n&search_uuid=043a9b3c-f736-4ed5-bdd7-e32193d2e6c5",""
"Python, C++, 딥러닝, AWS, 솔루션 외                    등록일 24/12/09","IT개발·데이터 지원 급상승","(주)인티그리트","[지능형 로보틱스 플랫폼] AI 플랫폼,디바이스S/W, 펌웨어 개발","~ 01/08(수)","서울  강남구","서울  강남구","경력무관","학력무관","정규직","","Python, C++, 딥러닝, AWS, 솔루션","2024-12-17T10:40:07.853Z","2024-12-17T10:40:07.853Z","https://www.saramin.co.kr/zf_user/jobs/relay/view?view_type=search&rec_idx=49556133&location=ts&searchword=%ED%8C%8C%EC%9D%B4%EC%8D%AC&searchType=search&paid_fl=n&search_uuid=043a9b3c-f736-4ed5-bdd7-e32193d2e6c5",""
"Python, C++, Java, 솔루션, 머신러닝 외                    수정일 24/11/01","교육 지원 TOP100","한국폴리텍대학 광명융합기술교육원","데이터분석/바이오/설계/AR/VR/전기 취업연계 교육생 모집","~ 12/31(화)","경기전체","경기전체","경력무관","초대졸↑","교육생","","Python, C++, Java, 솔루션, 머신러닝","2024-12-17T10:40:07.854Z","2024-12-17T10:40:07.854Z","https://www.saramin.co.kr/zf_user/jobs/relay/view?view_type=search&rec_idx=49188717&location=ts&searchword=%ED%8C%8C%EC%9D%B4%EC%8D%AC&searchType=search&paid_fl=n&search_uuid=043a9b3c-f736-4ed5-bdd7-e32193d2e6c5",""
"Python, Linux, 임베디드, 펌웨어, H/W 외                    수정일 24/12/16","Pre A 투자유치","(주)메디코슨","2025년 상반기 각 부문 채용","~ 12/31(화)","강원  원주시","강원  원주시","신입·경력","학력무관","정규직","","Python, Linux, 임베디드, 펌웨어, H/W","2024-12-17T10:40:07.855Z","2024-12-17T10:40:07.855Z","https://www.saramin.co.kr/zf_user/jobs/relay/view?view_type=search&rec_idx=49409227&location=ts&searchword=%ED%8C%8C%EC%9D%B4%EC%8D%AC&searchType=search&paid_fl=n&search_uuid=043a9b3c-f736-4ed5-bdd7-e32193d2e6c5",""
"Python, 웹개발, 데이터분석가, 데이터엔지니어, 백엔드/서버개발 외                    수정일 24/12/17","고객상담·TM 지원 TOP100","법무법인와이케이","[국내TOP7로펌/법무법인YK] 강남본사 송무직, 상담실장직 채용","~ 12/26(목)","서울  강남구","서울  강남구","신입·경력","학력무관","정규직","","Python, 웹개발, 데이터분석가, 데이터엔지니어, 백엔드/서버개발","2024-12-17T10:40:07.856Z","2024-12-17T10:40:07.856Z","https://www.saramin.co.kr/zf_user/jobs/relay/view?view_type=search&rec_idx=49278685&location=ts&searchword=%ED%8C%8C%EC%9D%B4%EC%8D%AC&searchType=search&paid_fl=n&search_uuid=043a9b3c-f736-4ed5-bdd7-e32193d2e6c5",""
"Python, Java, AWS, 웹개발, 백엔드/서버개발 외                    수정일 24/11/21","평균연봉 상위 10%","법무법인와이케이","[국내TOP7로펌/법무법인YK] 강남본사 프론트엔드/ 백엔드 개발담당자 채용","~ 12/20(금)","서울  강남구","서울  강남구","신입·경력","학력무관","정규직","","Python, Java, AWS, 웹개발, 백엔드/서버개발","2024-12-17T10:40:07.857Z","2024-12-17T10:40:07.857Z","https://www.saramin.co.kr/zf_user/jobs/relay/view?view_type=search&rec_idx=49445132&location=ts&searchword=%ED%8C%8C%EC%9D%B4%EC%8D%AC&searchType=search&paid_fl=n&search_uuid=043a9b3c-f736-4ed5-bdd7-e32193d2e6c5",""
"Python, Java, 솔루션, 머신러닝, 웹개발 외                    수정일 24/12/09","IT개발·데이터 지원 TOP100","(주)티오이십일콤즈","2024년 웹 개발 부문 공고","~ 02/07(금)","서울  구로구","서울  구로구","신입·경력","초대졸↑","정규직","","Python, Java, 솔루션, 머신러닝, 웹개발","2024-12-17T10:40:07.858Z","2024-12-17T10:40:07.858Z","https://www.saramin.co.kr/zf_user/jobs/relay/view?view_type=search&rec_idx=49552352&location=ts&searchword=%ED%8C%8C%EC%9D%B4%EC%8D%AC&searchType=search&paid_fl=n&search_uuid=043a9b3c-f736-4ed5-bdd7-e32193d2e6c5",""
"Python, C++, 빅데이터, 데이터분석가, 데이터엔지니어 외                    수정일 24/12/09","시리즈B 투자유치","(주)페이타랩","[600만명이 선택한 패스오더] '그로스마케터(그로스해커)' 채용","~ 01/08(수)","서울  강남구","서울  강남구","경력무관","학력무관","정규직","","Python, C++, 빅데이터, 데이터분석가, 데이터엔지니어","2024-12-17T10:40:07.859Z","2024-12-17T10:40:07.859Z","https://www.saramin.co.kr/zf_user/jobs/relay/view?view_type=search&rec_idx=49554043&location=ts&searchword=%ED%8C%8C%EC%9D%B4%EC%8D%AC&searchType=search&paid_fl=n&search_uuid=043a9b3c-f736-4ed5-bdd7-e32193d2e6c5",""
"Python, C++, 솔루션, 백엔드/서버개발, SE(시스템엔지니어) 외                    수정일 24/12/09","인기있는","(주)테솔로","로봇/로보틱스 S/W 엔지니어 모집(인턴/신입/경력/전문연구요원)","~ 12/31(화)","경기  광명시","경기  광명시","신입·경력","대졸↑","정규직·인턴직","","Python, C++, 솔루션, 백엔드/서버개발, SE(시스템엔지니어)","2024-12-17T10:40:07.860Z","2024-12-17T10:40:07.860Z","https://www.saramin.co.kr/zf_user/jobs/relay/view?view_type=search&rec_idx=49472136&location=ts&searchword=%ED%8C%8C%EC%9D%B4%EC%8D%AC&searchType=search&paid_fl=n&search_uuid=043a9b3c-f736-4ed5-bdd7-e32193d2e6c5",""
"Python, 솔루션, 알고리즘, 임베디드, 펌웨어 외                    수정일 24/12/09","인기있는","(주)테솔로","로봇/로보틱스 임베디드 엔지니어(인턴/신입/경력/전문연구요원)","~ 12/31(화)","경기  광명시","경기  광명시","신입·경력","대졸↑","정규직·인턴직","","Python, 솔루션, 알고리즘, 임베디드, 펌웨어","2024-12-17T10:40:07.861Z","2024-12-17T10:40:07.861Z","https://www.saramin.co.kr/zf_user/jobs/relay/view?view_type=search&rec_idx=49472130&location=ts&searchword=%ED%8C%8C%EC%9D%B4%EC%8D%AC&searchType=search&paid_fl=n&search_uuid=043a9b3c-f736-4ed5-bdd7-e32193d2e6c5",""
"Python, Java, AWS, 웹개발, 백엔드/서버개발 외                    등록일 24/12/04","취업축하금","(주)와이톤","주니어 백엔드 개발자 채용 (신입 / 경력)","~ 01/03(금)","서울  강남구","서울  강남구","신입·경력","초대졸↑","정규직","","Python, Java, AWS, 웹개발, 백엔드/서버개발","2024-12-17T10:40:07.862Z","2024-12-17T10:40:07.862Z","https://www.saramin.co.kr/zf_user/jobs/relay/view?view_type=search&rec_idx=49523856&location=ts&searchword=%ED%8C%8C%EC%9D%B4%EC%8D%AC&searchType=search&paid_fl=n&search_uuid=043a9b3c-f736-4ed5-bdd7-e32193d2e6c5",""
"Python, 솔루션, 웹개발, 백엔드/서버개발, 퍼블리셔 외                    등록일 24/12/16","취업축하금","(주)더매트릭스","WEB Full stack 개발자","~ 12/29(일)","서울전체","서울전체","경력 2~7년","초대졸↑","정규직","","Python, 솔루션, 웹개발, 백엔드/서버개발, 퍼블리셔","2024-12-17T10:40:07.863Z","2024-12-17T10:40:07.863Z","https://www.saramin.co.kr/zf_user/jobs/relay/view?view_type=search&rec_idx=49592099&location=ts&searchword=%ED%8C%8C%EC%9D%B4%EC%8D%AC&searchType=search&paid_fl=n&search_uuid=043a9b3c-f736-4ed5-bdd7-e32193d2e6c5",""
"Python, Java, 딥러닝, 머신러닝, 빅데이터 외                    등록일 24/11/24","IT개발·데이터 조회 급상승","(주)더원테크","빅데이터 와 인공지능 AI 프로그램 개발자 모십니다.","~ 12/24(화)","서울  금천구","서울  금천구","경력무관","대졸↑","정규직","3,000 만원","Python, Java, 딥러닝, 머신러닝, 빅데이터","2024-12-17T10:40:07.864Z","2024-12-17T10:40:07.864Z","https://www.saramin.co.kr/zf_user/jobs/relay/view?view_type=search&rec_idx=49458875&location=ts&searchword=%ED%8C%8C%EC%9D%B4%EC%8D%AC&searchType=search&paid_fl=n&search_uuid=043a9b3c-f736-4ed5-bdd7-e32193d2e6c5",""
"Python, C++, Java, AWS, 솔루션 외                    수정일 24/12/02","인기있는","주식회사 이지서티","[이지서티] 신입 솔루션 엔지니어 채용","~ 12/31(화)","서울  강남구","서울  강남구","신입","대졸↑","정규직","","Python, C++, Java, AWS, 솔루션","2024-12-17T10:40:07.865Z","2024-12-17T10:40:07.865Z","https://www.saramin.co.kr/zf_user/jobs/relay/view?view_type=search&rec_idx=49511692&location=ts&searchword=%ED%8C%8C%EC%9D%B4%EC%8D%AC&searchType=search&paid_fl=n&search_uuid=043a9b3c-f736-4ed5-bdd7-e32193d2e6c5",""
"Python, Matlab, 연구원, R&D, 로봇설계 외                    등록일 24/12/16","인기있는","경북해양과학연구소","[경북대학교 해양무인기 운용지원센터] 연구원 채용","~ 02/03(월)","대구  북구","대구  북구","경력무관","대졸↑","계약직","","Python, Matlab, 연구원, R&D, 로봇설계","2024-12-17T10:40:07.866Z","2024-12-17T10:40:07.866Z","https://www.saramin.co.kr/zf_user/jobs/relay/view?view_type=search&rec_idx=49597208&location=ts&searchword=%ED%8C%8C%EC%9D%B4%EC%8D%AC&searchType=search&paid_fl=n&search_uuid=043a9b3c-f736-4ed5-bdd7-e32193d2e6c5",""
"Python, Java, 딥러닝, 솔루션, 머신러닝 외                    수정일 24/11/18","인기있는","미래융합교육원","건양대학교병원_바이오 메디컬 AI(의료 인공지능) 개발자 교육생 모집","~ 12/20(금)","대전  서구","대전  서구","경력무관","대졸↑","교육생","","Python, Java, 딥러닝, 솔루션, 머신러닝","2024-12-17T10:40:07.867Z","2024-12-17T10:40:07.867Z","https://www.saramin.co.kr/zf_user/jobs/relay/view?view_type=search&rec_idx=49376633&location=ts&searchword=%ED%8C%8C%EC%9D%B4%EC%8D%AC&searchType=search&paid_fl=n&search_uuid=043a9b3c-f736-4ed5-bdd7-e32193d2e6c5",""
"Python, AWS, Linux, 웹개발, 백엔드/서버개발 외                    수정일 24/12/16","인기있는","에브리에이아이코리아(주)","[EvryAI] 백엔드 개발자","~ 01/15(수)","경기  성남시 분당구","경기  성남시 분당구","경력무관","학력무관","계약직","","Python, AWS, Linux, 웹개발, 백엔드/서버개발","2024-12-17T10:40:07.868Z","2024-12-17T10:40:07.868Z","https://www.saramin.co.kr/zf_user/jobs/relay/view?view_type=search&rec_idx=49594604&location=ts&searchword=%ED%8C%8C%EC%9D%B4%EC%8D%AC&searchType=search&paid_fl=n&search_uuid=043a9b3c-f736-4ed5-bdd7-e32193d2e6c5",""
"Python, 솔루션, 빅데이터, 데이터엔지니어, 자율주행 외                    수정일 24/12/11","인기있는","시티아이랩(주)","[양재/AI 스타트업] [시티아이랩(주)] 연구원 모집","상시채용","서울  서초구","서울  서초구","경력무관","초대졸↑","정규직·인턴직","","Python, 솔루션, 빅데이터, 데이터엔지니어, 자율주행","2024-12-17T10:40:07.870Z","2024-12-17T10:40:07.870Z","https://www.saramin.co.kr/zf_user/jobs/relay/view?view_type=search&rec_idx=49568701&location=ts&searchword=%ED%8C%8C%EC%9D%B4%EC%8D%AC&searchType=search&paid_fl=n&search_uuid=043a9b3c-f736-4ed5-bdd7-e32193d2e6c5",""
"Python, C++, 백엔드/서버개발, .NET, C# 외                    등록일 24/12/14","인기있는","(주)디어그린","소프트웨어 개발자 모집(부분 재택, 파트가능)","~ 01/13(월)","서울  서초구","서울  서초구","경력무관","초대졸↑","정규직·계약직","","Python, C++, 백엔드/서버개발, .NET, C#","2024-12-17T10:40:07.871Z","2024-12-17T10:40:07.871Z","https://www.saramin.co.kr/zf_user/jobs/relay/view?view_type=search&rec_idx=49588980&location=ts&searchword=%ED%8C%8C%EC%9D%B4%EC%8D%AC&searchType=search&paid_fl=n&search_uuid=043a9b3c-f736-4ed5-bdd7-e32193d2e6c5",""
"Python, Java, 딥러닝, 머신러닝, 빅데이터 외                    수정일 24/12/11","인기있는","엠비씨(MBC)아카데미 컴퓨터교육센터","[서울/경기] 수강료 0원 무료 취업교육생 과정모집(인공지능AI,빅데이터,풀스택,웹디자인,게임,메타버스)","~ 01/10(금)","서울  종로구","서울  종로구","신입·경력","학력무관","교육생","","Python, Java, 딥러닝, 머신러닝, 빅데이터","2024-12-17T10:40:07.872Z","2024-12-17T10:40:07.872Z","https://www.saramin.co.kr/zf_user/jobs/relay/view?view_type=search&rec_idx=49563552&location=ts&searchword=%ED%8C%8C%EC%9D%B4%EC%8D%AC&searchType=search&paid_fl=n&search_uuid=043a9b3c-f736-4ed5-bdd7-e32193d2e6c5",""
"Python, 딥러닝, AWS, 머신러닝, 데이터엔지니어 외                    등록일 24/12/13","IT개발·데이터 지원 급상승","(주)마스","데이터 사이언스 인턴 채용공고","~ 02/11(화)","서울  서초구","서울  서초구","신입","대졸↑","인턴직","2,500 만원","Python, 딥러닝, AWS, 머신러닝, 데이터엔지니어","2024-12-17T10:40:07.873Z","2024-12-17T10:40:07.873Z","https://www.saramin.co.kr/zf_user/jobs/relay/view?view_type=search&rec_idx=49584379&location=ts&searchword=%ED%8C%8C%EC%9D%B4%EC%8D%AC&searchType=search&paid_fl=n&search_uuid=043a9b3c-f736-4ed5-bdd7-e32193d2e6c5",""
"Python, Java, 웹개발, 백엔드/서버개발, 퍼블리셔 외                    등록일 24/12/16","인기있는","그린컴퓨터아카데미","그린컴퓨터아카데미 자바/웹개발 강사 채용","~ 01/15(수)","울산  남구","울산  남구","경력무관","초대졸↑","정규직·기간제","","Python, Java, 웹개발, 백엔드/서버개발, 퍼블리셔","2024-12-17T10:40:07.874Z","2024-12-17T10:40:07.874Z","https://www.saramin.co.kr/zf_user/jobs/relay/view?view_type=search&rec_idx=49591996&location=ts&searchword=%ED%8C%8C%EC%9D%B4%EC%8D%AC&searchType=search&paid_fl=n&search_uuid=043a9b3c-f736-4ed5-bdd7-e32193d2e6c5",""
"Python, C++, Java, AWS, 솔루션 외                    등록일 24/12/16","인기있는","피디엠테크","스마트팩토리 SW 개발자 채용(신입/경력)","~ 01/15(수)","대구  달서구","대구  달서구","경력무관","학력무관","정규직","","Python, C++, Java, AWS, 솔루션","2024-12-17T10:40:07.875Z","2024-12-17T10:40:07.875Z","https://www.saramin.co.kr/zf_user/jobs/relay/view?view_type=search&rec_idx=49600189&location=ts&searchword=%ED%8C%8C%EC%9D%B4%EC%8D%AC&searchType=search&paid_fl=n&search_uuid=043a9b3c-f736-4ed5-bdd7-e32193d2e6c5",""
"Python, Java, 백엔드/서버개발, 클라우드, API 외                    등록일 24/12/16","인기있는","함께하는 세무회계","[백엔드] 세무회계 시스템 개발자 모집","~ 01/15(수)","서울  서초구","서울  서초구","경력무관","학력무관","정규직·계약직","","Python, Java, 백엔드/서버개발, 클라우드, API","2024-12-17T10:40:07.876Z","2024-12-17T10:40:07.876Z","https://www.saramin.co.kr/zf_user/jobs/relay/view?view_type=search&rec_idx=49600515&location=ts&searchword=%ED%8C%8C%EC%9D%B4%EC%8D%AC&searchType=search&paid_fl=n&search_uuid=043a9b3c-f736-4ed5-bdd7-e32193d2e6c5",""
"Python, Java, 솔루션, 빅데이터, 웹개발 외                    등록일 24/12/16","취업축하금","(주)미리비트","K8S 구축 운영 개발자 (신입)","~ 01/14(화)","서울  서초구","서울  서초구","신입·경력","학력무관","정규직","","Python, Java, 솔루션, 빅데이터, 웹개발","2024-12-17T10:40:07.877Z","2024-12-17T10:40:07.877Z","https://www.saramin.co.kr/zf_user/jobs/relay/view?view_type=search&rec_idx=49599325&location=ts&searchword=%ED%8C%8C%EC%9D%B4%EC%8D%AC&searchType=search&paid_fl=n&search_uuid=043a9b3c-f736-4ed5-bdd7-e32193d2e6c5",""
"C++, 게임개발, QA/테스터, 임베디드, 게임기획 외                    수정일 24/12/17","평균연봉 상위 10%","(주)네오플","[네오플] 게임기획/게임사업/웹 직군 인재 모집 (근무지 : 서울)","~ 01/14(화)","서울  강남구","서울  강남구","신입·경력","학력무관","정규직","","C++, 게임개발, QA/테스터, 임베디드, 게임기획","2024-12-17T10:40:07.878Z","2024-12-17T10:40:07.878Z","https://www.saramin.co.kr/zf_user/jobs/relay/view?view_type=search&rec_idx=49409899&location=ts&searchword=%ED%8C%8C%EC%9D%B4%EC%8D%AC&searchType=search&paid_fl=n&search_uuid=043a9b3c-f736-4ed5-bdd7-e32193d2e6c5",""
"C++, Java, 웹개발, 유지보수, 정보보안 외                    수정일 24/12/11","인기있는","㈜모니터랩","[코스닥상장] 웹사이트 Front-end 개발(프론트엔드)","~ 01/09(목)","서울  구로구","서울  구로구","경력무관","학력무관","정규직","","C++, Java, 웹개발, 유지보수, 정보보안","2024-12-17T10:40:07.879Z","2024-12-17T10:40:07.879Z","https://www.saramin.co.kr/zf_user/jobs/relay/view?view_type=search&rec_idx=49565048&location=ts&searchword=%ED%8C%8C%EC%9D%B4%EC%8D%AC&searchType=search&paid_fl=n&search_uuid=043a9b3c-f736-4ed5-bdd7-e32193d2e6c5",""
"정보보안, 악성코드, JSP, 포렌식, CTI 외                    등록일 24/12/16","인기있는","(주)엔에스에이치씨","(주)NSHC 위협분석 연구소(ThreatRecon) 신입/경력 연구원","상시채용","서울  금천구","서울  금천구","경력무관","대졸↑","정규직","","정보보안, 악성코드, JSP, 포렌식, CTI","2024-12-17T10:40:07.880Z","2024-12-17T10:40:07.880Z","https://www.saramin.co.kr/zf_user/jobs/relay/view?view_type=search&rec_idx=49595740&location=ts&searchword=%ED%8C%8C%EC%9D%B4%EC%8D%AC&searchType=search&paid_fl=n&search_uuid=043a9b3c-f736-4ed5-bdd7-e32193d2e6c5",""
"Linux, 백엔드/서버개발, 프론트엔드, SE(시스템엔지니어), 네트워크 외                    등록일 24/12/16","","(주)민트로봇","[민트로봇] 로봇 어플리케이션 엔지니어 신입/경력 채용","~ 12/31(화)","서울  마포구","서울  마포구","신입·경력","대졸↑","정규직","","Linux, 백엔드/서버개발, 프론트엔드, SE(시스템엔지니어), 네트워크","2024-12-17T10:40:07.881Z","2024-12-17T10:40:07.881Z","https://www.saramin.co.kr/zf_user/jobs/relay/view?view_type=search&rec_idx=49600243&location=ts&searchword=%ED%8C%8C%EC%9D%B4%EC%8D%AC&searchType=search&paid_fl=n&search_uuid=043a9b3c-f736-4ed5-bdd7-e32193d2e6c5",""
"Java, 솔루션, 보안컨설팅, 정보보안, 모의해킹 외                    등록일 24/12/16","인기있는","(주)인더포레스트","[보안솔루션] Front 및 BackEnd 개발자 채용 정규직 (경력우대)","상시채용","서울  강남구","서울  강남구","경력1년↑","학력무관","정규직·보충역","","Java, 솔루션, 보안컨설팅, 정보보안, 모의해킹","2024-12-17T10:40:07.882Z","2024-12-17T10:40:07.882Z","https://www.saramin.co.kr/zf_user/jobs/relay/view?view_type=search&rec_idx=49597075&location=ts&searchword=%ED%8C%8C%EC%9D%B4%EC%8D%AC&searchType=search&paid_fl=n&search_uuid=043a9b3c-f736-4ed5-bdd7-e32193d2e6c5",""
"영업관리, 영업지원, 영업MD, 영업마케팅, 영업전략 외                    등록일 24/12/16","인기있는","(주)텐핑거스","[데이트코스 1위 앱 데이트팝] 부산 로컬매니저(영업,신입가능)","~ 12/29(일)","부산  동구","부산  동구","경력무관","학력무관","정규직","","영업관리, 영업지원, 영업MD, 영업마케팅, 영업전략","2024-12-17T10:40:07.883Z","2024-12-17T10:40:07.883Z","https://www.saramin.co.kr/zf_user/jobs/relay/view?view_type=search&rec_idx=49593058&location=ts&searchword=%ED%8C%8C%EC%9D%B4%EC%8D%AC&searchType=search&paid_fl=n&search_uuid=043a9b3c-f736-4ed5-bdd7-e32193d2e6c5",""
"마케팅기획, 마케팅전략, 광고마케팅, 글로벌마케팅, 디지털마케팅 외                    등록일 24/12/16","시리즈C 투자유치","매드업","[매드업] 2025 상반기 채용연계형 퍼포먼스 마케팅 AE 인턴 공채","~ 01/01(수)","서울  서초구","서울  서초구","신입","대졸↑","인턴직","240 만원","마케팅기획, 마케팅전략, 광고마케팅, 글로벌마케팅, 디지털마케팅","2024-12-17T10:40:07.884Z","2024-12-17T10:40:07.884Z","https://www.saramin.co.kr/zf_user/jobs/relay/view?view_type=search&rec_idx=49597603&location=ts&searchword=%ED%8C%8C%EC%9D%B4%EC%8D%AC&searchType=search&paid_fl=n&search_uuid=043a9b3c-f736-4ed5-bdd7-e32193d2e6c5",""
"연구원, 종합병원                    수정일 24/12/16","인기있는","서울대학교병원","서울대학교병원 소아암희귀질환지원사업단 데이터연구원 모집","~ 12/22(일)","서울  종로구","서울  종로구","경력무관","대졸↑","계약직","","연구원, 종합병원","2024-12-17T10:40:07.885Z","2024-12-17T10:40:07.885Z","https://www.saramin.co.kr/zf_user/jobs/relay/view?view_type=search&rec_idx=49592952&location=ts&searchword=%ED%8C%8C%EC%9D%B4%EC%8D%AC&searchType=search&paid_fl=n&search_uuid=043a9b3c-f736-4ed5-bdd7-e32193d2e6c5",""
"로봇엔지니어, 연구원, R&D, 기술연구, 로봇설계 외                    등록일 24/12/05","연구·R&D 스크랩 급상승","(주)원익아이피에스","[원익IPS] 반도체장비 설계 엔지니어 인재풀 공고","~ 01/04(토)","경기  평택시","경기  평택시","경력3년↑","대졸↑","정규직","","로봇엔지니어, 연구원, R&D, 기술연구, 로봇설계","2024-12-17T10:40:07.886Z","2024-12-17T10:40:07.886Z","https://www.saramin.co.kr/zf_user/jobs/relay/view?view_type=search&rec_idx=49535019&location=ts&searchword=%ED%8C%8C%EC%9D%B4%EC%8D%AC&searchType=search&paid_fl=n&search_uuid=043a9b3c-f736-4ed5-bdd7-e32193d2e6c5",""
"IR/공시, 더존, 기업회계, 내부감사, 법인결산 외                    수정일 24/12/17","연구·R&D 조회 급상승","(주)핀테라퓨틱스","25년 각 부문 신입 및 경력 채용","~ 12/31(화)","경기  성남시","경기  성남시","경력","석사↑","정규직·계약직","","IR/공시, 더존, 기업회계, 내부감사, 법인결산","2024-12-17T10:40:07.887Z","2024-12-17T10:40:07.887Z","https://www.saramin.co.kr/zf_user/jobs/relay/view?view_type=search&rec_idx=49508940&location=ts&searchword=%ED%8C%8C%EC%9D%B4%EC%8D%AC&searchType=search&paid_fl=n&search_uuid=043a9b3c-f736-4ed5-bdd7-e32193d2e6c5",""